rooftop_id,enterprise_id,rooftop_name,enterprise_name,Company Domain ,csm_poc,Product Stage,city,district,state,country,zipcode,account_type,account_sub_type,address_line1,address_line2,geo_coordinates
6544834b12,2ce4b6c06,Victorville Mitsubishi,Joshua Tree Chrysler Dodge Jeep Ram,victorvillemitsubishi.com,ishika.arora@spyne.ai,Studio Live,Victorville,San Bernardino County,California,United States,92392,GROUP_DEALER,FRANCHISE_DEALER,"15529, Ramona Avenue",San Bernardino County,"{""lat"":34.5090425,""lng"":-117.3248797}"
21099fa3f,e795be15e,2Mazda_1,2Mazda,2mazda.com,zeeshana.aijaz@spyne.ai,Studio Churned,Loveland,,Colorado,United States,80538,GROUP_DEALER,FRANCHISE_DEALER,3850 Byrd Dr,,"{""lat"":40.4308041,""lng"":-104.9948006}"
43b96ab81,914365f63,Dellenbach,2d5f0eb5f Dellenbach Motors,dellenbachcadillac.com,vishal.singh1@spyne.ai,Studio Live,Fort Collins,,Colorado,United States,80525,GROUP_DEALER,FRANCHISE_DEALER,125 W. SWALLOW,,"{""lat"":40.5468581,""lng"":-105.0625231}"
64993e0440,914365f63,Dellenbach Subaru,2d5f0eb5f Dellenbach Motors,dellenbachcadillac.com,vishal.singh1@spyne.ai,Studio Live,Fort Collins,,Colorado,United States,80525,GROUP_DEALER,FRANCHISE_DEALER,125 W. SWALLOW,,"{""lat"":40.5468581,""lng"":-105.0625231}"
f586ec34ab,e89409525,4season Motors Llc,4 Season Motors LLC,4seasonmotor.com,prathamesh.prashant@spyne.ai,Studio Live,Sunnyside,,Washington,United States,98944,INDIVIDUAL_DEALER,INDEPENDENT_DEALER,1119 S 16th Street,,"{""lat"":46.3220098,""lng"":-119.9992676}"
8c0048630f,bafd919bb,4M Autoplex,4M Autoplex,4mautoplex.com,prathamesh.prashant@spyne.ai,Studio Live,Abilene,Taylor County,Texas,United States,79605,INDIVIDUAL_DEALER,INDEPENDENT_DEALER,"2441, Industrial Boulevard","Red Bud Area, Taylor County","{""lat"":32.4010055,""lng"":-99.7528918}"
836ddc98a,8beb245f4,5 Star Imports_2,5 Star Imports,5starimports.com,prathamesh.prashant@spyne.ai,Studio Live,Noblesville,,Indiana,United States,46060,INDIVIDUAL_DEALER,INDEPENDENT_DEALER,1150 South Street,,"{""lat"":40.0346255,""lng"":-86.0100996}"
6eb794982,a3a20bdb2,615 Auto Sales,615 Auto Sales INC,615autosales.com,manpreet.kaur@spyne.ai,Studio Churned,Hendersonville,,Tennessee,United States,37075,GROUP_DEALER,INDEPENDENT_DEALER,615 W Main St,,"{""lat"":36.3026772,""lng"":-86.6375865}"
ceb3ea1f49,47cd4c74d,KAYAN MOTORS LIMITED,A2B Direct Cars Ltd,,anuj.tewatia@spyne.ai,Studio Live,London,LONDON,Greater London,UK,HA0 1JQ,INDIVIDUAL_DEALER,INDEPENDENT_DEALER,416 EALING ROAD,WEMBLEY,"{""lat"":37.7749,""lng"":-122.4194}"
cfe0d77a59,2b8948cea,AX Auto INC,AX Auto INC,axautos.com,garvit.sharma@spyne.ai,Studio Live,Houston,,Texas,United States,77017,INDIVIDUAL_DEALER,INDEPENDENT_DEALER,7200 Gulf Fwy,,"{""lat"":29.6952514,""lng"":-95.2905121}"
01f4a8c0e9,6a8cd61ce,AceAutoInc,AceAutoInc,aceautocredit.ca,garvit.sharma@spyne.ai,Studio Live,Edmonton,Southeast Edmonton,Alberta,Canada,T6E 0C9,INDIVIDUAL_DEALER,INDEPENDENT_DEALER,"9508, 62 Avenue Northwest","Southeast Edmonton, Southeast Edmonton","{""lat"":53.498618,""lng"":-113.4746108}"
361d96ec6,0180ac645,Adams jeep of Maryland,Adams Jeep of Maryland Inc,adamsjeepofmaryland.com,sanyam.tyagi@spyne.ai,Studio Live,Aberdeen,,Maryland,United States,21001,INDIVIDUAL_DEALER,FRANCHISE_DEALER,3485 Churchville Rd,,"{""lat"":39.5371604,""lng"":-76.2130657}"
b883998eb4,0180ac645,Team 1,Adams Jeep of Maryland Inc,,sanyam.tyagi@spyne.ai,Studio Live,Aberdeen,,Maryland,United States,21001,INDIVIDUAL_DEALER,FRANCHISE_DEALER,3485 Churchville Rd,,"{""lat"":39.5371604,""lng"":-76.2130657}"
04d88ca8fd,d15271e1f,AdosMotorsMN,Ado's Motors LLC,adosmotorsmn.com,prathamesh.prashant@spyne.ai,Studio Live,Saint Paul,,Minnesota,United States,55102,INDIVIDUAL_DEALER,INDEPENDENT_DEALER,834 7th St W,,"{""lat"":44.930854,""lng"":-93.1214872}"
17c4e868b,720bb9796,Airpark Motor Cars LLC,Airpark Motor Cars LLC,airparkmotorcars.com,garvit.sharma@spyne.ai,Studio Live,Scottsdale,,Arizona,United States,85260,INDIVIDUAL_DEALER,INDEPENDENT_DEALER,8135 E Butherus Dr Ste 6,,"{""lat"":33.6201181,""lng"":-111.905548}"
133218a6aa,ec7fa01a5,Al Piemonte Buick GMC,Al Piemonte,apbuickgmc.com,abhijeet.mitra@spyne.ai,Studio Live,Elmhurst,,Illinois,United States,60126,GROUP_DEALER,FRANCHISE_DEALER,364 W Grand Ave,,"{""lat"":41.9307219,""lng"":-87.9523903}"
afbf16b86d,ec7fa01a5,Al Piemonte Chevrolet of Dundee,Al Piemonte,,abhijeet.mitra@spyne.ai,Studio Live,East Dundee,,Illinois,United States,60118,GROUP_DEALER,FRANCHISE_DEALER,770 Dundee Ave,,"{""lat"":42.0875105,""lng"":-88.2591684}"
8644d8946e,5e80b8c93,All Credit Auto Sales,All Credit Auto Sales,allcreditautosales.com,manpreet.kaur@spyne.ai,Studio Churned,Hendersonville,,Tennessee,United States,37075,INDIVIDUAL_DEALER,INDEPENDENT_DEALER,1169 west main st,,"{""lat"":36.309161,""lng"":-86.6652095}"
81450d3ae,838db311d,whiteplainshonda,Alliance Automotive of Westchester LLC dba White P,whiteplainshonda.com,ankur.batra@spyne.ai,Studio Live,White Plains,,New York,United States,10606,INDIVIDUAL_DEALER,FRANCHISE_DEALER,"344 Central Avenue, White Plains, New York 10606.",,"{""lat"":41.033561,""lng"":-73.788005}"
a9f5026462,bfb5d64ff,Alpha One Chevrolet,Alpha One Automotive,alphaonechevrolet.com,aman.seth@spyne.ai,Studio Live,Rockdale,Milam County,Texas,United States,76567,INDIVIDUAL_DEALER,FRANCHISE_DEALER,"476, East Cameron Avenue",Milam County,"{""lat"":30.6570452,""lng"":-96.99739230000002}"
e0a55612d9,bfb5d64ff,Alpha One Ford,Alpha One Automotive,alphaoneford.com,aman.seth@spyne.ai,Studio Live,La Grange,Fayette County,Texas,United States,78945,INDIVIDUAL_DEALER,FRANCHISE_DEALER,Alpha One Ford,Fayette County,"{""lat"":29.9055033,""lng"":-96.876647}"
5747b2028,eaab7f702,MP5709,Amato Hyundai Of Glendale,,avinash.jha@spyne.ai,Studio Live,Glendale,,Wisconsin,United States,53217,INDIVIDUAL_DEALER,FRANCHISE_DEALER,5200 North Port Washington Road,,"{""lat"":43.1121583,""lng"":-87.9159185}"
d32e8c23-d,67b1565d7,Amigo Chevrolet,"Amigo Auto Group, Inc.",amigoautomotive.com,jaspreet.kaur@spyne.ai,Studio Live,Gallup,,New Mexico,United States,87301,GROUP_DEALER,FRANCHISE_DEALER,1900 South 2nd Street,,"{""lat"":35.5066357,""lng"":-108.7389231}"
0b2a29a1-7,67b1565d7,Amigo Toyota,"Amigo Auto Group, Inc.",amigotoyota.com,jaspreet.kaur@spyne.ai,Studio Live,Gallup,,New Mexico,United States,87301,GROUP_DEALER,FRANCHISE_DEALER,2100 S 2nd St,,"{""lat"":35.5258028,""lng"":-108.74179}"
1302536ea,bb63009cf,East Coast Volkswagen,Apex Automotive Group,eastcoastvolkswagen.com,jaspreet.kaur@spyne.ai,Studio Live,Anderson,,South Carolina,United States,29588,GROUP_DEALER,FRANCHISE_DEALER,"8756-C Highway 17 Bypass South, Myrtle Beach",,"{""lat"":33.6372159,""lng"":-78.9952696}"
25ba5ca3b,bb63009cf,New east Coast Honda,Apex Automotive Group,piedmontchryslerdodgejeep.com,jaspreet.kaur@spyne.ai,Studio Live,Anderson,,South Carolina,United States,29588,GROUP_DEALER,FRANCHISE_DEALER,"8756A US Highway 17 Bypass South, Myrtle Beach",,"{""lat"":33.6363587,""lng"":-78.9958559}"
4bd96ba7d,bb63009cf,Piedmont CDJR _1,Apex Automotive Group,piedmontchryslerdodgejeep.com,jaspreet.kaur@spyne.ai,Studio Live,Anderson,,South Carolina,United States,29621,GROUP_DEALER,FRANCHISE_DEALER,"4015 Clemson Boulevard, Anderson",,"{""lat"":34.556874,""lng"":-82.6866289}"
677e8b33c,bb63009cf,Piedmont CDJR _2,Apex Automotive Group,piedmontchryslerdodgejeep.com,jaspreet.kaur@spyne.ai,Studio Live,Anderson,,South Carolina,United States,29621,GROUP_DEALER,FRANCHISE_DEALER,"4015 Clemson Boulevard, Anderson",,"{""lat"":34.556874,""lng"":-82.6866289}"
637c59bd0,bb63009cf,Piedmont Honda,Apex Automotive Group,piedmontcars.net,jaspreet.kaur@spyne.ai,Studio Live,Anderson,,South Carolina,United States,29621,GROUP_DEALER,FRANCHISE_DEALER,"4011 Clemson Boulevard, Anderson",,"{""lat"":34.5567943,""lng"":-82.686497}"
9550f91b2,bb63009cf,Piedmont Honda(Used),Apex Automotive Group,piedmontchryslerdodgejeep.com,jaspreet.kaur@spyne.ai,Studio Live,Anderson,,South Carolina,United States,29621,GROUP_DEALER,FRANCHISE_DEALER,4011 Clemson Blvd,,"{""lat"":34.5564523,""lng"":-82.6853903}"
2d795c40e,bb63009cf,Used East Coast Honda,Apex Automotive Group,eastcoastcars.net,jaspreet.kaur@spyne.ai,Studio Live,Anderson,,South Carolina,United States,29588,GROUP_DEALER,FRANCHISE_DEALER,"8756A US Highway 17 Bypass South, Myrtle Beach",,"{""lat"":33.6363587,""lng"":-78.9958559}"
baadc552e3,6d5f8744e,Ariana Motors,Ariana Motors,arianamotors.vegas,prathamesh.prashant@spyne.ai,Studio Live,Garland,Dallas County,Texas,United States,75041,INDIVIDUAL_DEALER,INDEPENDENT_DEALER,"2713, South Garland Avenue","Unit suite 100, Dallas County","{""lat"":32.8846398,""lng"":-96.6569559}"
7ff71f607a,75b816d9b,Ariana Motors,Ariana Motors,arianamotors.vegas,prathamesh.prashant@spyne.ai,Studio Live,Garland,Dallas County,Texas,United States,75041,INDIVIDUAL_DEALER,INDEPENDENT_DEALER,"2713, South Garland Avenue",Dallas County,"{""lat"":32.8846398,""lng"":-96.6569559}"
a08c8aa228,6d5f8744e,DFW Auto Sale,Ariana Motors,dfwautosources.com,prathamesh.prashant@spyne.ai,Studio Live,Balch Springs,,Texas,United States,75180,INDIVIDUAL_DEALER,INDEPENDENT_DEALER,4605 Hickory Tree Rd,,"{""lat"":32.7088612,""lng"":-96.6227577}"
cca523be79,4cd846055,DBA  Asa Auto Plaza Of Austin,Asa Auto Plaza Of Austin,asaautoplazaaustin.com,ishika.arora@spyne.ai,Studio Live,Austin,,Minnesota,United States,55912,GROUP_DEALER,FRANCHISE_DEALER,703 17th Ave NW,,"{""lat"":43.682926,""lng"":-92.9829635}"
af3b90ffd,6454b95ba,Audi North Atlanta,Asbury Automotive Management L.L.C,audinorthatlanta.com,ankur.batra@spyne.ai,Studio Live,Roswell,,Georgia,United States,30076,GROUP_DEALER,FRANCHISE_DEALER,11505 Alpharetta Highway,,"{""lat"":34.0595458,""lng"":-84.3243835}"
3dc3d569-9,6454b95ba,Bentley Atlanta,Asbury Automotive Management L.L.C,bentleyatlanta.com,ankur.batra@spyne.ai,Studio Live,Alpharetta,,Georgia,United States,30009,GROUP_DEALER,FRANCHISE_DEALER,10995 Westside Parkway,,"{""lat"":34.041798,""lng"":-84.3193834}"
0f18649a-4,6454b95ba,Coggin Acura Fort Pierce,Asbury Automotive Management L.L.C,,ankur.batra@spyne.ai,Studio Live,Fort Pierce,St. Lucie County,Florida,United States,34982,INDIVIDUAL_DEALER,FRANCHISE_DEALER,"4400, South US Highway 1",St. Lucie County,"{""lat"":27.3832647,""lng"":-80.324789}"
e79ee1f7-3,6454b95ba,Coggin BMW,Asbury Automotive Management L.L.C,,ankur.batra@spyne.ai,Studio Live,Fort Pierce,St. Lucie County,Florida,United States,34982,INDIVIDUAL_DEALER,FRANCHISE_DEALER,"4429, South US Highway 1",St. Lucie County,"{""lat"":27.3821901,""lng"":-80.32680789999999}"
273c5086-9,6454b95ba,Coggin Chevrolet At the Avenues,Asbury Automotive Management L.L.C,,ankur.batra@spyne.ai,Studio Live,Jacksonville,Duval County,Florida,United States,32258,INDIVIDUAL_DEALER,FRANCHISE_DEALER,"10880, U.S. 1","Southside, Duval County","{""lat"":30.173059743568537,""lng"":-81.54745797368011}"
47378077-1,6454b95ba,Coggin Deland Ford Lincoln,Asbury Automotive Management L.L.C,,ankur.batra@spyne.ai,Studio Live,Orange City,Volusia County,Florida,United States,32763,INDIVIDUAL_DEALER,FRANCHISE_DEALER,"2655, North Volusia Avenue",Volusia County,"{""lat"":28.970888686053893,""lng"":-81.29976131586913}"
0f12bd9e-c,6454b95ba,Coggin Deland Honda,Asbury Automotive Management L.L.C,,ankur.batra@spyne.ai,Studio Live,Orange City,Volusia County,Florida,United States,32763,INDIVIDUAL_DEALER,FRANCHISE_DEALER,"2677, North Volusia Avenue",Volusia County,"{""lat"":28.97269911425971,""lng"":-81.29998303068848}"
9797c127-9,6454b95ba,Coggin Deland Hyundai,Asbury Automotive Management L.L.C,,ankur.batra@spyne.ai,Studio Live,DeLand,Volusia County,Florida,United States,32720,INDIVIDUAL_DEALER,FRANCHISE_DEALER,"2308, South Woodland Boulevard",Volusia County,"{""lat"":28.9891982786996,""lng"":-81.30189199977467}"
71b882ea-f,6454b95ba,Coggin Ford,Asbury Automotive Management L.L.C,,ankur.batra@spyne.ai,Studio Live,Jacksonville,Duval County,Florida,United States,32225,INDIVIDUAL_DEALER,FRANCHISE_DEALER,"9650, Atlantic Boulevard","Southside Estates, Duval County","{""lat"":30.3210003,""lng"":-81.54760139999999}"
ad2f293a-9,6454b95ba,Coggin Honda Fort Pierce,Asbury Automotive Management L.L.C,,ankur.batra@spyne.ai,Studio Live,Fort Pierce,St. Lucie County,Florida,United States,34982,INDIVIDUAL_DEALER,FRANCHISE_DEALER,"4450, South US Highway 1",St. Lucie County,"{""lat"":27.3819629,""lng"":-80.3247998}"
5e6071b3-3,6454b95ba,Coggin Honda Jacksonville,Asbury Automotive Management L.L.C,,ankur.batra@spyne.ai,Studio Live,Jacksonville,Duval County,Florida,United States,32225,INDIVIDUAL_DEALER,FRANCHISE_DEALER,"11003, Atlantic Boulevard","East Arlington, Duval County","{""lat"":30.32563096331398,""lng"":-81.51231624410792}"
622b9d5b-d,6454b95ba,Coggin Honda Orlando,Asbury Automotive Management L.L.C,,ankur.batra@spyne.ai,Studio Live,Orlando,Orange County,Florida,United States,32837,INDIVIDUAL_DEALER,FRANCHISE_DEALER,"11051, South Orange Blossom Trail",Orange County,"{""lat"":28.406838404296316,""lng"":-81.4035571460327}"
167ca531-2,6454b95ba,Coggin Honda St Augustine,Asbury Automotive Management L.L.C,,ankur.batra@spyne.ai,Studio Live,St. Augustine,St. Johns County,Florida,United States,32086,INDIVIDUAL_DEALER,FRANCHISE_DEALER,"2925, U.S. 1",St. Johns County,"{""lat"":29.8399038,""lng"":-81.3242099}"
1f0e8cad-8,6454b95ba,Coggin Nissan Atlantic,Asbury Automotive Management L.L.C,,ankur.batra@spyne.ai,Studio Live,Jacksonville,Duval County,Florida,United States,32225,INDIVIDUAL_DEALER,FRANCHISE_DEALER,"10600, Florida 10","Southside Estates, Duval County","{""lat"":30.323614692493916,""lng"":-81.52479839767594}"
81d70030-5,6454b95ba,Coggin Toyota Ave,Asbury Automotive Management L.L.C,,ankur.batra@spyne.ai,Studio Live,Jacksonville,Duval County,Florida,United States,32256,INDIVIDUAL_DEALER,FRANCHISE_DEALER,"11340, Philips Highway","Southside, Duval County","{""lat"":30.16312414926096,""lng"":-81.53752071898467}"
8b4a6b8a-d,6454b95ba,Courtesy CDJR,Asbury Automotive Management L.L.C,,ankur.batra@spyne.ai,Studio Live,Tampa,Hillsborough County,Florida,United States,33619,INDIVIDUAL_DEALER,FRANCHISE_DEALER,"9212, Florida 60",Hillsborough County,"{""lat"":27.94945148000958,""lng"":-82.35095229444275}"
ec6cf1bb-4,6454b95ba,Courtesy Kia,Asbury Automotive Management L.L.C,courtesykiaaltoona.com,ankur.batra@spyne.ai,Studio Live,Tampa,Hillsborough County,Florida,United States,33619,INDIVIDUAL_DEALER,FRANCHISE_DEALER,"9205, Auto Row",Hillsborough County,"{""lat"":27.948779214439227,""lng"":-82.35238943033218}"
96c7afe0-1,6454b95ba,Courtesy Nissan Tampa,Asbury Automotive Management L.L.C,,ankur.batra@spyne.ai,Studio Live,Tampa,Hillsborough County,Florida,United States,33614,INDIVIDUAL_DEALER,FRANCHISE_DEALER,"3800, West Hillsborough Avenue","Drew Park, Hillsborough County","{""lat"":27.995012301391,""lng"":-82.50604474519714}"
df1d75f7-5,6454b95ba,Courtesy Palm Harbor Honda,Asbury Automotive Management L.L.C,,ankur.batra@spyne.ai,Studio Live,Palm Harbor,Pinellas County,Florida,United States,34684,INDIVIDUAL_DEALER,FRANCHISE_DEALER,"31975, U.S. 19",Pinellas County,"{""lat"":28.06193347527229,""lng"":-82.7380557576721}"
d3e43438-c,6454b95ba,Courtesy Toyota,Asbury Automotive Management L.L.C,,ankur.batra@spyne.ai,Studio Live,Tampa,Hillsborough County,Florida,United States,33619,INDIVIDUAL_DEALER,FRANCHISE_DEALER,"9210, East Adamo Drive",Hillsborough County,"{""lat"":27.9506166,""lng"":-82.3527544}"
ca1a3b1b-8,6454b95ba,Infiniti Tampa,Asbury Automotive Management L.L.C,,ankur.batra@spyne.ai,Studio Live,Tampa,Hillsborough County,Florida,United States,33614,INDIVIDUAL_DEALER,FRANCHISE_DEALER,"4600, North Dale Mabry Highway","Drew Park, Hillsborough County","{""lat"":27.98464786775986,""lng"":-82.50608767122532}"
064804b3-4,6454b95ba,Mercedes Benz Tampa,Asbury Automotive Management L.L.C,,ankur.batra@spyne.ai,Studio Live,Tampa,Hillsborough County,Florida,United States,33614,INDIVIDUAL_DEALER,FRANCHISE_DEALER,"4400, North Dale Mabry Highway","Drew Park, Hillsborough County","{""lat"":27.98262419420173,""lng"":-82.50612258911133}"
300acafe-a,6454b95ba,Mercedez Benz of Fort Pierce,Asbury Automotive Management L.L.C,,ankur.batra@spyne.ai,Studio Live,Fort Pierce,St. Lucie County,Florida,United States,34982,INDIVIDUAL_DEALER,FRANCHISE_DEALER,"4500, South US Highway 1",St. Lucie County,"{""lat"":27.3807439387263,""lng"":-80.32531172276579}"
dbe7e1b9-5,6454b95ba,Nalley Acura,Asbury Automotive Management L.L.C,nalleyacura.com,ankur.batra@spyne.ai,Studio Live,Marietta,,Georgia,United States,30060,GROUP_DEALER,FRANCHISE_DEALER,1355 Cobb Pkwy S,,"{""lat"":33.9174018,""lng"":-84.5005781}"
0eecd6b4-3,6454b95ba,Nalley BMW,Asbury Automotive Management L.L.C,nalleybmw.com,ankur.batra@spyne.ai,Studio Live,Decatur,,Georgia,United States,30033,GROUP_DEALER,FRANCHISE_DEALER,1606 Church Street,,"{""lat"":33.7935805,""lng"":-84.2841789}"
4824fe91-a,6454b95ba,Nalley Honda,Asbury Automotive Management L.L.C,nalleyhonda.com,ankur.batra@spyne.ai,Studio Live,Union City,,Georgia,United States,30291,GROUP_DEALER,FRANCHISE_DEALER,4197 Jonesboro Rd,,"{""lat"":33.5688542,""lng"":-84.5243285}"
6a387e4a5,6454b95ba,Nalley Hyundai,Asbury Automotive Management L.L.C,nalleyhyundai.com,ankur.batra@spyne.ai,Studio Live,Stonecrest,DeKalb County,Georgia,United States,30038,GROUP_DEALER,FRANCHISE_DEALER,"7909, Mall Parkway",DeKalb County,"{""lat"":33.6960491,""lng"":-84.1022349}"
20619f370,6454b95ba,Nalley INFINITI Atlanta,Asbury Automotive Management L.L.C,nalleyinfinitiatlanta.com,ankur.batra@spyne.ai,Studio Live,Atlanta,,Georgia,United States,30360,GROUP_DEALER,FRANCHISE_DEALER,2550 The Nalley Way,,"{""lat"":33.9076418,""lng"":-84.2833133}"
f467e9f64,6454b95ba,Nalley INFINITI Marietta,Asbury Automotive Management L.L.C,nalleyinfinitimarietta.com,ankur.batra@spyne.ai,Studio Live,Marietta,,Georgia,United States,30060,GROUP_DEALER,FRANCHISE_DEALER,2020 Cobb Pkwy S,,"{""lat"":33.9028481,""lng"":-84.4884303}"
a0dcf482d,6454b95ba,Nalley Kia,Asbury Automotive Management L.L.C,nalleykia.com,ankur.batra@spyne.ai,Studio Live,Lithonia,,Georgia,United States,30038,GROUP_DEALER,FRANCHISE_DEALER,7849 Mall Parkway,,"{""lat"":33.6983232,""lng"":-84.1042477}"
da324ef3-7,6454b95ba,Nalley Lexus Roswell,Asbury Automotive Management L.L.C,nalleylexusroswell.com,ankur.batra@spyne.ai,Studio Live,Roswell,,Georgia,United States,30076,GROUP_DEALER,FRANCHISE_DEALER,980 Mansell Road,,"{""lat"":34.042899,""lng"":-84.3331776}"
737cfc8c-e,6454b95ba,Nalley Lexus Smyrna,Asbury Automotive Management L.L.C,nalleylexussmyrna.com,ankur.batra@spyne.ai,Studio Live,Smyrna,,Georgia,United States,30080,GROUP_DEALER,FRANCHISE_DEALER,2750 Cobb Pkwy SE,,"{""lat"":33.8966531,""lng"":-84.4815988}"
e78b4ffb0,6454b95ba,Nalley Toyota Roswell,Asbury Automotive Management L.L.C,toyotaofroswell.com,ankur.batra@spyne.ai,Studio Live,Roswell,,Georgia,United States,30076,GROUP_DEALER,FRANCHISE_DEALER,11130 Alpharetta Highway,,"{""lat"":34.0556493,""lng"":-84.3286653}"
eb0daa1f0,6454b95ba,Nalley Toyota Stonecrest,Asbury Automotive Management L.L.C,stonecresttoyota.com,ankur.batra@spyne.ai,Studio Live,Lithonia,,Georgia,United States,30038,GROUP_DEALER,FRANCHISE_DEALER,7969 Mall Parkway,,"{""lat"":33.6948409,""lng"":-84.0991539}"
7d1c390da,6454b95ba,Nalley Union City,Asbury Automotive Management L.L.C,toyotaofunioncity.com,ankur.batra@spyne.ai,Studio Live,Union City,,Georgia,United States,30291,GROUP_DEALER,FRANCHISE_DEALER,4115 Jonesboro Rd,,"{""lat"":33.5658667,""lng"":-84.5231548}"
08b6e738-0,6454b95ba,Nalley Volkswagen,Asbury Automotive Management L.L.C,nalleyvw.com,ankur.batra@spyne.ai,Studio Live,Alpharetta,,Georgia,United States,30009,GROUP_DEALER,FRANCHISE_DEALER,1550 Mansell Road,,"{""lat"":34.0399039,""lng"":-84.3216547}"
765673b162,a1b6f03f4,Ashland Auto Sales,Ashland Auto Sales,ashlandautosales.net,garvit.sharma@spyne.ai,Studio Live,Columbia,,Missouri,United States,65201,INDIVIDUAL_DEALER,INDEPENDENT_DEALER,605 Business Loop 70 E,,"{""lat"":38.9643258,""lng"":-92.3304577}"
cb605411d,a89d0cdbc,Audi Cape Fear_2,Audi Cape Fear,audicapefear.com,abhijeet.mitra@spyne.ai,Studio Live,Wilmington,,North Carolina,United States,28403,INDIVIDUAL_DEALER,FRANCHISE_DEALER,255 Old Eastwood Rd,,"{""lat"":34.2436492,""lng"":-77.862177}"
672982a947,216348ce1,Austin Ford CDJR,Austin Ford CDJR,,sanyam.tyagi@spyne.ai,Studio Sales Drop,Austin,,Minnesota,United States,55912,GROUP_DEALER,FRANCHISE_DEALER,2701 Oakland Avenue West,,"{""lat"":43.6666704,""lng"":-93.0209439}"
672982a947,216348ce1,Austin Ford CDJR,Austin Ford CDJR,,sanyam.tyagi@spyne.ai,Vini Sales Drop,Austin,,Minnesota,United States,55912,GROUP_DEALER,FRANCHISE_DEALER,2701 Oakland Avenue West,,"{""lat"":43.6666704,""lng"":-93.0209439}"
b75e784fa2,657a8c4e2,Auto Depot Of Navarre,Auto Depot Of Navarre,autodepotnavarre.com,sudansh.tiruwa@spyne.ai,Vini Live,Gulf Breeze,Santa Rosa County,Florida,United States,32563,INDIVIDUAL_DEALER,INDEPENDENT_DEALER,"1809, Natures Way",Santa Rosa County,"{""lat"":30.40163909999999,""lng"":-86.9900376}"
c73bbb0688,34f66e8ad,Auto Exchange Chevy GMC,Auto Exchange Group,,vishal.singh1@spyne.ai,Studio Live,Sullivan,Sullivan County,Indiana,United States,47882,INDIVIDUAL_DEALER,FRANCHISE_DEALER,"2406, North Section Street",Sullivan County,"{""lat"":39.1309653,""lng"":-87.4101116}"
c73bbb0688,34f66e8ad,Auto Exchange Chevy GMC,Auto Exchange Group,,tushar.srivastava@spyne.ai,Vini Live,Sullivan,Sullivan County,Indiana,United States,47882,INDIVIDUAL_DEALER,FRANCHISE_DEALER,"2406, North Section Street",Sullivan County,"{""lat"":39.1309653,""lng"":-87.4101116}"
c45040552,c60b76594,Auto Express Credit_1,Auto Express Credit,autoecredit.com,prathamesh.prashant@spyne.ai,Studio Live,Plantation,,Florida,United States,33317,INDIVIDUAL_DEALER,INDEPENDENT_DEALER,600 N State Rd 7,,"{""lat"":26.1277752,""lng"":-80.2017414}"
0c26e6fad,9d7892a1e,Auto Gallery Buford,Auto Gallery Automotive Group,autogalleryinc.com,jaspreet.kaur@spyne.ai,Studio Live,Buford,,Georgia,United States,30518,GROUP_DEALER,INDEPENDENT_DEALER,4135 Buford Dr,,"{""lat"":34.094048,""lng"":-84.003258}"
edda32b898,9d7892a1e,Auto Gallery Ford,Auto Gallery Automotive Group,autogalleryford.com,jaspreet.kaur@spyne.ai,Studio Live,Buford,,Georgia,USA,30518,INDIVIDUAL_DEALER,FRANCHISE_DEALER,"4135 Buford Drive, Buford, GA, US, 30518","4135 Buford Drive, Buford, GA, US, 30518","{""lat"":35.1051953,""lng"":-81.6817066}"
aee3449879,87b2e0c86,Auto Park Chrysler Dodge Jeep Ram,Auto Park Chrysler Dodge Jeep Ram,autoparkcdjr.com,ishika.arora@spyne.ai,Studio Live,Plymouth,Marshall County,Indiana,United States,46563,INDIVIDUAL_DEALER,FRANCHISE_DEALER,"705, North Michigan Street",Marshall County,"{""lat"":41.34556389999999,""lng"":-86.3097822}"
3b9a8013b,87b2e0c86,Auto Park Ford,Auto Park Chrysler Dodge Jeep Ram,autopark-ford.com,ishika.arora@spyne.ai,Studio Live,Bremen,Marshall County,Indiana,United States,46506,GROUP_DEALER,FRANCHISE_DEALER,"1203, West Plymouth Street",Marshall County,"{""lat"":41.4460349,""lng"":-86.1613505}"
b081b27e0,87b2e0c86,Auto Park Ford Laporte,Auto Park Chrysler Dodge Jeep Ram,autoparkfordlaporte.com,ishika.arora@spyne.ai,Studio Live,La Porte,LaPorte County,Indiana,United States,46350,GROUP_DEALER,FRANCHISE_DEALER,"1522, East Lincolnway",LaPorte County,"{""lat"":41.6247786,""lng"":-86.6881691}"
b1b6b695f,87b2e0c86,Auto ParkSturgis,Auto Park Chrysler Dodge Jeep Ram,autopark-ford.com,ishika.arora@spyne.ai,Studio Live,Sturgis,St. Joseph County,Michigan,United States,49091,GROUP_DEALER,FRANCHISE_DEALER,"1820, South Centerville Road",St. Joseph County,"{""lat"":41.7790755,""lng"":-85.4275533}"
af1f8ecea0,87b2e0c86,Team 1,Auto Park Chrysler Dodge Jeep Ram,,ishika.arora@spyne.ai,Studio Live,Plymouth,,Indiana,United States,46563,GROUP_DEALER,FRANCHISE_DEALER,2705 N Michigan St,,"{""lat"":41.3656824,""lng"":-86.3125773}"
7ec258c21c,718e4c3f8,"Auto Smart, LLC","Auto Smart, LLC",autosmartny.com,garvit.sharma@spyne.ai,Studio Live,Binghamton,Broome County,New York,United States,13905,INDIVIDUAL_DEALER,INDEPENDENT_DEALER,"1126, Front Street",Broome County,"{""lat"":42.1476346,""lng"":-75.9001273}"
914010c1-b,91e7399ee,Auto X Change_1,Auto X-Change Inc,autoxchangeinc.com,garvit.sharma@spyne.ai,Studio Live,Honolulu,,Hawaii,United States,96826,INDIVIDUAL_DEALER,INDEPENDENT_DEALER,1621 Kalakaua Ave,,"{""lat"":21.2945392,""lng"":-157.8367931}"
ba7f56c2a2,6018c6f29,AutoCenters Nissan,AutoCenters Herculaneum LLC,,,Vini Onboarding,Herculaneum,Jefferson County,Missouri,United States,63048,INDIVIDUAL_DEALER,FRANCHISE_DEALER,"1277, McNutt Street",Jefferson County,"{""lat"":38.2525841,""lng"":-90.4049107}"
ecd28cbd18,cdca96e86,Indianapolis,AutoGiant USA,autogiantusa.com,vishal.singh1@spyne.ai,Studio Live,Indianapolis,,Indiana,United States,46220,INDIVIDUAL_DEALER,INDEPENDENT_DEALER,5350 N Keystone Ave,,"{""lat"":39.8501509,""lng"":-86.1247057}"
ea03d86534,dc8229a99,Autohighway_2,Autohighway,autohighway.com,prathamesh.prashant@spyne.ai,Studio Live,Sun Valley,,California,United States,91352,INDIVIDUAL_DEALER,INDEPENDENT_DEALER,10641 Stagg St,,"{""lat"":34.2121385,""lng"":-118.3633553}"
0b565c41fe,11a42ff56,Autolynk,Autolynk,,anuj.tewatia@spyne.co.in,Studio Live,New Cairo,Cairo,Cairo,Egypt,11341,INDIVIDUAL_DEALER,INDEPENDENT_DEALER,31 Bank District,31 Bank District,"{""lat"":30.0362899,""lng"":31.4758292}"
5e23adc1-7,f99ee97cd,Automatch_1,Automatch,automatchutah.com,sanyam.tyagi@spyne.ai,Studio Live,Orem,,Utah,United States,84057,INDIVIDUAL_DEALER,INDEPENDENT_DEALER,658 North State Street,,"{""lat"":40.3506651,""lng"":-111.7300542}"
74593f9dae,f99ee97cd,Automatch_2,Automatch,automatchutah.com,sanyam.tyagi@spyne.ai,Studio Live,Orem,,Utah,United States,84057,INDIVIDUAL_DEALER,INDEPENDENT_DEALER,658 North State Street,,"{""lat"":40.3506651,""lng"":-111.7300542}"
1cfc2c415d,0a3bf70b1,Automax Atlanta,Automax Atlanta,automaxatlanta.com,sudansh.tiruwa@spyne.ai,Vini Future Churn,Lilburn,Gwinnett County,Georgia,United States,30047,INDIVIDUAL_DEALER,INDEPENDENT_DEALER,"5034, Lawrenceville Highway",Gwinnett County,"{""lat"":33.8887523,""lng"":-84.14627689999999}"
ef805b89fd,9dc3254b2,Automax Motors LLC DbA FDS Luxury Auto,Automax Motors LLC DbA FDS Luxury Auto,fdsluxuryauto.com,prathamesh.prashant@spyne.ai,Studio Live,San Antonio,,Texas,United States,78216,INDIVIDUAL_DEALER,INDEPENDENT_DEALER,427 W. Nakoma,,"{""lat"":29.5538053,""lng"":-98.4998934}"
0a53c55ca4,63fd1927e,Automistic Car Sales Ltd,Automistic Car sales Ltd,,anuj.tewatia@spyne.ai,Studio Live,IVER,Iver,Buckinghamshire,England,SL0 0LU,INDIVIDUAL_DEALER,INDEPENDENT_DEALER,Bellswood Farm,Bellswood Farm,"{""lat"":51.5201939,""lng"":-0.509572}"
e9c525b49,c004299e5,Autoplex,Autoplex 2000 and All Star Buick GMC truck,allstarbuickgmctruck.com,ishika.arora@spyne.ai,Studio Live,Sulphur,,Louisiana,United States,70663,INDIVIDUAL_DEALER,FRANCHISE_DEALER,"1035 E Napoleon St, Sulphur, LA",,"{""lat"":30.2362858,""lng"":-93.3650068}"
3f15aacefc,4a9553ec1,Autos Of Forney,Autos of Forney,lonestarautobrokers.com,abhijeet.mitra@spyne.ai,Studio Live,Greenville,,Texas,United States,75402,INDIVIDUAL_DEALER,FRANCHISE_DEALER,6415 I-30 Frontage Rd,,"{""lat"":33.1045394,""lng"":-96.1029393}"
3f15aacefc,4a9553ec1,Autos Of Forney,Autos of Forney,lonestarautobrokers.com,abhijeet.mitra@spyne.ai,Vini Live,Greenville,,Texas,United States,75402,INDIVIDUAL_DEALER,FRANCHISE_DEALER,6415 I-30 Frontage Rd,,"{""lat"":33.1045394,""lng"":-96.1029393}"
ecb75a3ce0,4a9553ec1,Autos of Forney Arlington,Autos of Forney,vinfastofforney.com,abhijeet.mitra@spyne.ai,Studio Live,Arlington,,Texas,United States,76001,GROUP_DEALER,FRANCHISE_DEALER,7445 U.S. 287 Frontage Rd,,"{""lat"":32.7355816,""lng"":-97.1071186}"
ecb75a3ce0,4a9553ec1,Autos of Forney Arlington,Autos of Forney,vinfastofforney.com,abhijeet.mitra@spyne.ai,Vini Live,Arlington,,Texas,United States,76001,GROUP_DEALER,FRANCHISE_DEALER,7445 U.S. 287 Frontage Rd,,"{""lat"":32.7355816,""lng"":-97.1071186}"
e31ac7aca6,4a9553ec1,Autos of Forney Greenville,Autos of Forney,aofgreenville.com,abhijeet.mitra@spyne.ai,Studio Live,Greenville,,Texas,United States,75402,GROUP_DEALER,FRANCHISE_DEALER,6415 I-30 Frontage Rd,,"{""lat"":33.1045394,""lng"":-96.1029393}"
e31ac7aca6,4a9553ec1,Autos of Forney Greenville,Autos of Forney,aofgreenville.com,abhijeet.mitra@spyne.ai,Vini Live,Greenville,,Texas,United States,75402,GROUP_DEALER,FRANCHISE_DEALER,6415 I-30 Frontage Rd,,"{""lat"":33.1045394,""lng"":-96.1029393}"
f7a149da86,4a9553ec1,Vinfast of Forney,Autos of Forney,vinfastofforney.com,abhijeet.mitra@spyne.ai,Studio Live,Forney,,Texas,United States,75126,GROUP_DEALER,FRANCHISE_DEALER,401 E US Hwy 80,,"{""lat"":32.747893,""lng"":-96.4719289}"
f7a149da86,4a9553ec1,Vinfast of Forney,Autos of Forney,vinfastofforney.com,abhijeet.mitra@spyne.ai,Vini Live,Forney,,Texas,United States,75126,GROUP_DEALER,FRANCHISE_DEALER,401 E US Hwy 80,,"{""lat"":32.747893,""lng"":-96.4719289}"
5d270dbde,0c217975e,Autoshop Services & Second Car Center LLC,Autoshop Services & Second Car Center LLC,secondcarcenter.com,prathamesh.prashant@spyne.ai,Studio Live,Derry,,New Hampshire,United States,3038,INDIVIDUAL_DEALER,INDEPENDENT_DEALER,181 Rockingham Road Rte 28,,"{""lat"":42.8808677,""lng"":-71.3264492}"
40dda9dc3d,ad4f39a5b,raymond,Autova,autovacars.com,prathamesh.prashant@spyne.ai,Studio Live,Madison Heights,,Virginia,United States,24572,INDIVIDUAL_DEALER,INDEPENDENT_DEALER,4454 S Amherst Hwy,,"{""lat"":37.4534588,""lng"":-79.12241}"
01b7300745,61cbf124e,BMI AUTO,BMI AUTO,bmiautollc.com,prathamesh.prashant@spyne.ai,Studio Live,Roswell,,Georgia,United States,30076,INDIVIDUAL_DEALER,INDEPENDENT_DEALER,110 Mansell Cir,,"{""lat"":34.0331652,""lng"":-84.3458672}"
2de878b68a,9dd47c139,BP AUTO FINDERS,BP AUTO FINDERS,bpautofinders.com,garvit.sharma@spyne.ai,Studio Live,Louisburg,,North Carolina,United States,27549,INDIVIDUAL_DEALER,INDEPENDENT_DEALER,189 US-401,,"{""lat"":36.0954744,""lng"":-78.2968351}"
3f8840bb3,df4585633,BROWN BROTHERS AUTOMOTIVE_1,BROWN BROTHERS AUTOMOTIVE,brownbrothersautomotive.com,prathamesh.prashant@spyne.ai,Studio Live,Mesa,,Arizona,United States,85203,INDIVIDUAL_DEALER,INDEPENDENT_DEALER,1850 East Main Street,,"{""lat"":33.4159169,""lng"":-111.7914735}"
34fd4c3e-c,54f31da6d,Baker Cars,"Baker Cadillac, Inc",durandcadillac.com,vishal.singh1@spyne.ai,Studio Live,Leominster,,Massachusetts,United States,1453,GROUP_DEALER,FRANCHISE_DEALER,495 Main St,,"{""lat"":42.5387949,""lng"":-71.7422658}"
f4c10415e1,8b16b44f5,Honda of Olathe,Baxter Automotive,hondaofolathe.com,avinash.jha@spyne.ai,Studio Live,Olathe,Johnson County,Kansas,United States,66062,INDIVIDUAL_DEALER,FRANCHISE_DEALER,"1000, North Rogers Road","Moore Business Park, Johnson County","{""lat"":38.8980194,""lng"":-94.7836782}"
9accad967,32c6e0eec,Beadle Auto,"Beadle Ford, INC.",beadleautogroup.com,abhijeet.mitra@spyne.ai,Studio Live,Bowdle,,South Dakota,United States,57428,INDIVIDUAL_DEALER,FRANCHISE_DEALER,5023 4th Ave,,"{""lat"":45.4477151,""lng"":-99.6550898}"
9a72db996f,cd34da2f2,Beaver County Dodge Chrysler Jeep RAM,Beaver County Auto,emeraldchevrolet.com,abhijeet.mitra@spyne.ai,Studio Live,Beaver Falls,Beaver County,Pennsylvania,United States,15010,INDIVIDUAL_DEALER,FRANCHISE_DEALER,"2777, Constitution Boulevard",Beaver County,"{""lat"":40.78023195768428,""lng"":-80.39013183897457}"
9a72db996f,cd34da2f2,Beaver County Dodge Chrysler Jeep RAM,Beaver County Auto,emeraldchevrolet.com,zeeshana.aijaz@spyne.ai,Vini Live,Beaver Falls,Beaver County,Pennsylvania,United States,15010,INDIVIDUAL_DEALER,FRANCHISE_DEALER,"2777, Constitution Boulevard",Beaver County,"{""lat"":40.78023195768428,""lng"":-80.39013183897457}"
34512e0de0,00ddd69aa,Beck Motors,Beck Motors,beck-motors.com,prathamesh.prashant@spyne.ai,Studio Live,Pierre,,South Dakota,United States,57501,INDIVIDUAL_DEALER,INDEPENDENT_DEALER,"1905 N Garfield Ave, Pierre, SD, USA",,"{""lat"":44.3736018,""lng"":-100.3179378}"
8ad6e87c77,92b1bce4c,Bemer Motor Cars,Bemer Motor Cars,inventory.bemer.com,garvit.sharma@spyne.ai,Studio Live,Houston,,Texas,United States,77063,INDIVIDUAL_DEALER,INDEPENDENT_DEALER,9201 Richmond Ave,,"{""lat"":29.728951,""lng"":-95.525226}"
28256f5c4b,70abd0693,Bemidji Chrysler & Honda of Bemidji_1,Bemidji Chrysler & Honda of Bemidji,hondaofbemidji.com,sanyam.tyagi@spyne.ai,Studio Live,Bemidji,,Minnesota,United States,56601,INDIVIDUAL_DEALER,FRANCHISE_DEALER,"755 Paul Bunyan Drive NW Bemidji, MN",,"{""lat"":47.4908768,""lng"":-94.891856}"
9fd1cb64-d,70abd0693,Bemidji Chrysler & Honda of Bemidji_2,Bemidji Chrysler & Honda of Bemidji,hondaofbemidji.com,sanyam.tyagi@spyne.ai,Studio Live,Bemidji,,Minnesota,United States,56601,INDIVIDUAL_DEALER,FRANCHISE_DEALER,"755 Paul Bunyan Drive NW Bemidji, MN",,"{""lat"":47.4908768,""lng"":-94.891856}"
396aaff6f4,75ee8c638,Rancho Cucamonga,Ben Clymer's The Body Shop,,avinash.jha@spyne.ai,Studio Live,Moreno Valley,Riverside County,California,United States,92553,INDIVIDUAL_DEALER,FRANCHISE_DEALER,East Alessandro Boulevard,Riverside County,"{""lat"":33.9167086,""lng"":-117.2857667}"
1c4dd05df6,3f55cc067,Benitez,Benitez Auto Group,,prathamesh.prashant@spyne.ai,Studio Live,Dallas,Dallas County,Texas,United States,75211,INDIVIDUAL_DEALER,INDEPENDENT_DEALER,"3011, Fort Worth Avenue","Unit ste 2, Oak Cliff, Dallas County","{""lat"":32.756514,""lng"":-96.8692973}"
1c4dd05df6,3f55cc067,Benitez,Benitez Auto Group,,prathamesh.prashant@spyne.ai,Vini Live,Dallas,Dallas County,Texas,United States,75211,INDIVIDUAL_DEALER,INDEPENDENT_DEALER,"3011, Fort Worth Avenue","Unit ste 2, Oak Cliff, Dallas County","{""lat"":32.756514,""lng"":-96.8692973}"
acdd85797,fb11e671a,MP22691,Bentley Jacksonville,maseratijacksonville.com,jaspreet.kaur@spyne.ai,Studio Future Churn,Jacksonville,,Florida,United States,32256,GROUP_DEALER,FRANCHISE_DEALER,7137 Bentley Road,,"{""lat"":30.2436543,""lng"":-81.5935326}"
83292935c,fb11e671a,Maserati Jacksonville,Bentley Jacksonville,bentleyjacksonville.com,jaspreet.kaur@spyne.ai,Studio Future Churn,Jacksonville,,Florida,United States,32256,GROUP_DEALER,FRANCHISE_DEALER,7137 Bentley Rd,,"{""lat"":30.2436543,""lng"":-81.5935326}"
6193121982,QJC7Y1H68,Bergstrom AutosTeam-A,Bergstrom Automotive,bergstromauto.com,aman.seth@spyne.ai,Studio Live,Neenah,,Wisconsin,United States,54956,GROUP_DEALER,FRANCHISE_DEALER,One Neenah Center,,"{""lat"":44.198988,""lng"":-88.4514719}"
f8b0d2566,2bee617cb,Angola,"Best Deal Auto Sales, INC.",bestdealautosalesonline.com,ishika.arora@spyne.ai,Studio Live,Angola,,Indiana,United States,46703,INDIVIDUAL_DEALER,INDEPENDENT_DEALER,3095 N. Wayne St,,"{""lat"":41.6566959,""lng"":-84.9995213}"
6d555fafa,2bee617cb,Auburn,"Best Deal Auto Sales, INC.",bestdealautosalesonline.com,ishika.arora@spyne.ai,Studio Live,Auburn,,Indiana,United States,46706,INDIVIDUAL_DEALER,INDEPENDENT_DEALER,1875 IN-8 BLDG 2,,"{""lat"":41.3669046,""lng"":-85.1031533}"
d858f6b4e,2bee617cb,Fort Wayne,"Best Deal Auto Sales, INC.",bestdealautosalesonline.com,ishika.arora@spyne.ai,Studio Live,Fort Wayne,,Indiana,United States,46808,INDIVIDUAL_DEALER,INDEPENDENT_DEALER,2630 Goshen Rd,,"{""lat"":41.1138448,""lng"":-85.1764738}"
775cb8e49,2bee617cb,Import Store,"Best Deal Auto Sales, INC.",bestdealautosalesonline.com,ishika.arora@spyne.ai,Studio Live,Fort Wayne,,Indiana,United States,46808,INDIVIDUAL_DEALER,INDEPENDENT_DEALER,2541 Goshen Rd,,"{""lat"":41.1128881,""lng"":-85.1759267}"
41fcd4235,2bee617cb,Truck Store,"Best Deal Auto Sales, INC.",bestdealautosalesonline.com,ishika.arora@spyne.ai,Studio Live,Fort Wayne,,Indiana,United States,46808,INDIVIDUAL_DEALER,INDEPENDENT_DEALER,2715 Goshen Rd,,"{""lat"":41.1143293,""lng"":-85.1777406}"
5e50a05b8,2bee617cb,Warsaw,"Best Deal Auto Sales, INC.",bestdealautosalesonline.com,ishika.arora@spyne.ai,Studio Live,Warsaw,,Indiana,United States,46580,INDIVIDUAL_DEALER,INDEPENDENT_DEALER,2942 US-30,,"{""lat"":41.2234519,""lng"":-85.7854287}"
a1aa9a5db4,d0d5ea9c0,Beverly Hills Auto Group,Beverly Hills Auto Group,beverlyhillsautogroup.com,garvit.sharma@spyne.ai,Studio Live,Hempstead Tpke Elmont,,New York,United States,11003,INDIVIDUAL_DEALER,INDEPENDENT_DEALER,1213 Hempstead Turnpike,,"{""lat"":40.7081193,""lng"":-73.6855288}"
230b9cb9a3,5aae59ef8,Big Valley Ford,Big Valley Ford,bigvalley.biz,sanyam.tyagi@spyne.ai,Studio Live,Ewen,,Michigan,United States,49925,INDIVIDUAL_DEALER,FRANCHISE_DEALER,M-28,,"{""lat"":46.5347369,""lng"":-89.2765985}"
9daf08e9-b,f95f2d883,Bluefield Honda,Bill Cole AutoMall Bluefield,colehonda.com,jaspreet.kaur@spyne.ai,Studio Live,Bluefield,,West Virginia,United States,24701,INDIVIDUAL_DEALER,FRANCHISE_DEALER,Route 460 Green Valley,,"{""lat"":37.3233007,""lng"":-81.138049}"
fe7994f4-5,f95f2d883,Bluefield Kia,Bill Cole AutoMall Bluefield,colekia.com,jaspreet.kaur@spyne.ai,Studio Live,Bluefield,,West Virginia,United States,24701,INDIVIDUAL_DEALER,FRANCHISE_DEALER,Route 460 Green Valley,,"{""lat"":37.3233092,""lng"":-81.1380543}"
9b7ead54-d,f95f2d883,Bluefield Nissan,Bill Cole AutoMall Bluefield,colenissan.com,jaspreet.kaur@spyne.ai,Studio Live,Bluefield,,West Virginia,United States,24701,INDIVIDUAL_DEALER,FRANCHISE_DEALER,Route 460 Green Valley,,"{""lat"":37.3233092,""lng"":-81.1380543}"
eaceacbf-f,f95f2d883,Bluefield Subaru,Bill Cole AutoMall Bluefield,colesubaru.com,jaspreet.kaur@spyne.ai,Studio Live,Bluefield,,West Virginia,United States,24701,INDIVIDUAL_DEALER,FRANCHISE_DEALER,Route 460 Green Valley,,"{""lat"":37.3242631,""lng"":-81.1375943}"
ef65efcd31,511b1d720,Bill Wright Toyota,Bill Wright Toyota,billwrighttoyota.com,sudansh.tiruwa@spyne.ai,Vini Live,Bakersfield,Kern County,California,United States,93313,INDIVIDUAL_DEALER,FRANCHISE_DEALER,"5100, Gasoline Alley Drive",Kern County,"{""lat"":35.3080774,""lng"":-119.0344569}"
ceba6623fa,0.00E+00,AutoJam,Bitcodi,,,Studio Onboarding,Alcorcón,Madrid,Comunidad de Madrid,España,28923,PARTNER,,"31, Calle los Electricistas",Madrid,"{""lat"":40.34040909597581,""lng"":-3.8045888584106136}"
9cccb56d2,1f3dcfbe3,Blasius GMC,Blasius Buick GMC,blasiusgmc.com,avinash.jha@spyne.ai,Studio Live,Branford,,Connecticut,United States,6405,GROUP_DEALER,FRANCHISE_DEALER,"490 E Main St, Branford",,"{""lat"":41.2992656,""lng"":-72.7704402}"
d73c8ecd12,88944f333,Blasius Kia,Blasius Kia,blasiuskia.com,avinash.jha@spyne.ai,Studio Live,Watertown,,Connecticut,United States,6795,INDIVIDUAL_DEALER,FRANCHISE_DEALER,699 Straits Turnpike,,"{""lat"":41.5730785,""lng"":-73.0988583}"
cc1abeea7,c003d1e81,Blasius North Torrington,Blasius North,blasiusnorth.com,avinash.jha@spyne.ai,Studio Live,Torrington,,Connecticut,United States,6790,INDIVIDUAL_DEALER,FRANCHISE_DEALER,"1530 E Main St, Torrington",,"{""lat"":41.8188499,""lng"":-73.0874205}"
ff0febc37,e271d9c93,Blasius South Auto Sales Stratford,Blasius South,blasiussouth.com,avinash.jha@spyne.ai,Studio Live,Stratford,,Connecticut,United States,6615,INDIVIDUAL_DEALER,FRANCHISE_DEALER,280 Ferry Blvd,,"{""lat"":41.1933447,""lng"":-73.1225137}"
75135341d8,257cc21aa,Boardman Subaru,Boardman Subaru and Imports,boardmansubaru.com,vishal.singh1@spyne.ai,Studio Live,Youngstown,,Ohio,United States,44512,INDIVIDUAL_DEALER,FRANCHISE_DEALER,7811 South Ave,,"{""lat"":41.0111305,""lng"":-80.633036}"
711e1fc331,b047d91bc,Bob Allen Ford,Bob Allen Ford- Ottawa,boballenford.com,vishal.singh1@spyne.ai,Studio Churned,Overland Park,,Kansas,United States,66212,INDIVIDUAL_DEALER,FRANCHISE_DEALER,Fleet Service : 6845 W 91st Street,,"{""lat"":38.9742502,""lng"":-94.6851702}"
711e1fc331,b047d91bc,Bob Allen Ford,Bob Allen Ford- Ottawa,boballenford.com,vishal.singh1@spyne.ai,Vini Churned,Overland Park,,Kansas,United States,66212,INDIVIDUAL_DEALER,FRANCHISE_DEALER,Fleet Service : 6845 W 91st Street,,"{""lat"":38.9742502,""lng"":-94.6851702}"
7bb2a1cd-5,640edb0f7,390_Imports NYC,Bob Johnson Automotive Group,bobjohnsonleroy.com,jaspreet.kaur@spyne.ai,Studio Live,Avon,,New York,United States,14414,GROUP_DEALER,FRANCHISE_DEALER,2780 Lakeville Road,,"{""lat"":42.8667334,""lng"":-77.7143119}"
7bb2a1cd-5,640edb0f7,390_Imports NYC,Bob Johnson Automotive Group,bobjohnsonleroy.com,tushar.srivastava@spyne.ai,Vini Live,Avon,,New York,United States,14414,GROUP_DEALER,FRANCHISE_DEALER,2780 Lakeville Road,,"{""lat"":42.8667334,""lng"":-77.7143119}"
eead19e60a,640edb0f7,Bob Johnson Ford Pulaski,Bob Johnson Automotive Group,,jaspreet.kaur@spyne.ai,Studio Live,Pulaski,Oswego County,New York,United States,13142,GROUP_DEALER,FRANCHISE_DEALER,"84, Caprara Drive",Oswego County,"{""lat"":43.5486759,""lng"":-76.11303459999999}"
eead19e60a,640edb0f7,Bob Johnson Ford Pulaski,Bob Johnson Automotive Group,,tushar.srivastava@spyne.ai,Vini Live,Pulaski,Oswego County,New York,United States,13142,GROUP_DEALER,FRANCHISE_DEALER,"84, Caprara Drive",Oswego County,"{""lat"":43.5486759,""lng"":-76.11303459999999}"
10787c0b1,640edb0f7,Bob Johnson Leroy,Bob Johnson Automotive Group,bobjohnsonleroy.com,jaspreet.kaur@spyne.ai,Studio Live,Le Roy,Genesee County,New York,United States,14482,GROUP_DEALER,FRANCHISE_DEALER,"7000, West Main Road",Genesee County,"{""lat"":42.9786217,""lng"":-78.0194846}"
10787c0b1,640edb0f7,Bob Johnson Leroy,Bob Johnson Automotive Group,bobjohnsonleroy.com,tushar.srivastava@spyne.ai,Vini Live,Le Roy,Genesee County,New York,United States,14482,GROUP_DEALER,FRANCHISE_DEALER,"7000, West Main Road",Genesee County,"{""lat"":42.9786217,""lng"":-78.0194846}"
b486163b-8,640edb0f7,Bob Johnson Lexus NY,Bob Johnson Automotive Group,bobjohnsonleroy.com,jaspreet.kaur@spyne.ai,Studio Live,Rochester,,New York,United States,14623,GROUP_DEALER,FRANCHISE_DEALER,4700 W Henrietta Rd,,"{""lat"":43.0596934,""lng"":-77.652625}"
b486163b-8,640edb0f7,Bob Johnson Lexus NY,Bob Johnson Automotive Group,bobjohnsonleroy.com,tushar.srivastava@spyne.ai,Vini Live,Rochester,,New York,United States,14623,GROUP_DEALER,FRANCHISE_DEALER,4700 W Henrietta Rd,,"{""lat"":43.0596934,""lng"":-77.652625}"
90caafc2-7,640edb0f7,Bob Johnson Mazda,Bob Johnson Automotive Group,bobjohnsonleroy.com,jaspreet.kaur@spyne.ai,Studio Live,Rochester,,New York,United States,14623,GROUP_DEALER,FRANCHISE_DEALER,3755 W Henrietta Rd,,"{""lat"":43.0789476,""lng"":-77.6451535}"
90caafc2-7,640edb0f7,Bob Johnson Mazda,Bob Johnson Automotive Group,bobjohnsonleroy.com,tushar.srivastava@spyne.ai,Vini Live,Rochester,,New York,United States,14623,GROUP_DEALER,FRANCHISE_DEALER,3755 W Henrietta Rd,,"{""lat"":43.0789476,""lng"":-77.6451535}"
8665c492-4,640edb0f7,Bob Johnson Valley Cadillac,Bob Johnson Automotive Group,bobjohnsonleroy.com,jaspreet.kaur@spyne.ai,Studio Live,Rochester,,New York,United States,14623,GROUP_DEALER,FRANCHISE_DEALER,3100 S Winton Rd.,,"{""lat"":43.0927543,""lng"":-77.583074}"
8665c492-4,640edb0f7,Bob Johnson Valley Cadillac,Bob Johnson Automotive Group,bobjohnsonleroy.com,tushar.srivastava@spyne.ai,Vini Live,Rochester,,New York,United States,14623,GROUP_DEALER,FRANCHISE_DEALER,3100 S Winton Rd.,,"{""lat"":43.0927543,""lng"":-77.583074}"
f117796d5,640edb0f7,Bob_Johnson_Toyota,Bob Johnson Automotive Group,bobjohnsonleroy.com,jaspreet.kaur@spyne.ai,Studio Live,Rochester,,New York,United States,14623,GROUP_DEALER,FRANCHISE_DEALER,3399 W Henrietta Rd,,"{""lat"":43.0863774,""lng"":-77.6449792}"
f117796d5,640edb0f7,Bob_Johnson_Toyota,Bob Johnson Automotive Group,bobjohnsonleroy.com,tushar.srivastava@spyne.ai,Vini Live,Rochester,,New York,United States,14623,GROUP_DEALER,FRANCHISE_DEALER,3399 W Henrietta Rd,,"{""lat"":43.0863774,""lng"":-77.6449792}"
5fffd3bf-5,640edb0f7,Buick GMC Nyc,Bob Johnson Automotive Group,bobjohnsonleroy.com,jaspreet.kaur@spyne.ai,Studio Live,Rochester,,New York,United States,14626,GROUP_DEALER,FRANCHISE_DEALER,4389 West Ridge Road,,"{""lat"":43.2156346,""lng"":-77.7487631}"
5fffd3bf-5,640edb0f7,Buick GMC Nyc,Bob Johnson Automotive Group,bobjohnsonleroy.com,tushar.srivastava@spyne.ai,Vini Live,Rochester,,New York,United States,14626,GROUP_DEALER,FRANCHISE_DEALER,4389 West Ridge Road,,"{""lat"":43.2156346,""lng"":-77.7487631}"
588ca20d-d,640edb0f7,Buick GMC South,Bob Johnson Automotive Group,bobjohnsonleroy.com,jaspreet.kaur@spyne.ai,Studio Live,Henrietta,,New York,United States,14467,GROUP_DEALER,FRANCHISE_DEALER,4600 W Henrietta Rd,,"{""lat"":43.0608166,""lng"":-77.6524725}"
588ca20d-d,640edb0f7,Buick GMC South,Bob Johnson Automotive Group,bobjohnsonleroy.com,tushar.srivastava@spyne.ai,Vini Live,Henrietta,,New York,United States,14467,GROUP_DEALER,FRANCHISE_DEALER,4600 W Henrietta Rd,,"{""lat"":43.0608166,""lng"":-77.6524725}"
ce7ba7a3-f,640edb0f7,CDJR Ford Avon,Bob Johnson Automotive Group,bobjohnsonleroy.com,jaspreet.kaur@spyne.ai,Studio Live,Avon,,New York,United States,14414,GROUP_DEALER,FRANCHISE_DEALER,1675 Interstate Drive,,"{""lat"":42.9088982,""lng"":-77.7002495}"
ce7ba7a3-f,640edb0f7,CDJR Ford Avon,Bob Johnson Automotive Group,bobjohnsonleroy.com,tushar.srivastava@spyne.ai,Vini Live,Avon,,New York,United States,14414,GROUP_DEALER,FRANCHISE_DEALER,1675 Interstate Drive,,"{""lat"":42.9088982,""lng"":-77.7002495}"
e05fd243-c,640edb0f7,CDJR_Watertowm,Bob Johnson Automotive Group,bobjohnsonleroy.com,jaspreet.kaur@spyne.ai,Studio Live,Watertown,,New York,United States,13601,GROUP_DEALER,FRANCHISE_DEALER,18712 US-11,,"{""lat"":43.9360909,""lng"":-75.9278731}"
e05fd243-c,640edb0f7,CDJR_Watertowm,Bob Johnson Automotive Group,bobjohnsonleroy.com,tushar.srivastava@spyne.ai,Vini Live,Watertown,,New York,United States,13601,GROUP_DEALER,FRANCHISE_DEALER,18712 US-11,,"{""lat"":43.9360909,""lng"":-75.9278731}"
84a936cb-6,640edb0f7,Certified Collection,Bob Johnson Automotive Group,bobjohnsonleroy.com,jaspreet.kaur@spyne.ai,Studio Live,Rochester,,New York,United States,14626,GROUP_DEALER,FRANCHISE_DEALER,4552 West Ridge Road,,"{""lat"":43.2176077,""lng"":-77.7533952}"
84a936cb-6,640edb0f7,Certified Collection,Bob Johnson Automotive Group,bobjohnsonleroy.com,tushar.srivastava@spyne.ai,Vini Live,Rochester,,New York,United States,14626,GROUP_DEALER,FRANCHISE_DEALER,4552 West Ridge Road,,"{""lat"":43.2176077,""lng"":-77.7533952}"
c6ed8ee4-8,640edb0f7,Chevrolet_Rochester,Bob Johnson Automotive Group,bobjohnsonleroy.com,jaspreet.kaur@spyne.ai,Studio Live,Rochester,,New York,United States,14615,GROUP_DEALER,FRANCHISE_DEALER,"1271 West Ridge Rd, Suite A",,"{""lat"":43.2034049,""lng"":-77.6641435}"
c6ed8ee4-8,640edb0f7,Chevrolet_Rochester,Bob Johnson Automotive Group,bobjohnsonleroy.com,tushar.srivastava@spyne.ai,Vini Live,Rochester,,New York,United States,14615,GROUP_DEALER,FRANCHISE_DEALER,"1271 West Ridge Rd, Suite A",,"{""lat"":43.2034049,""lng"":-77.6641435}"
87d8d9c7b,640edb0f7,Chevy Pulaski,Bob Johnson Automotive Group,bobjohnsonleroy.com,jaspreet.kaur@spyne.ai,Studio Live,Pulaski,,New York,United States,13142,GROUP_DEALER,FRANCHISE_DEALER,54 Caprara Dr,,"{""lat"":43.5508513,""lng"":-76.1156338}"
87d8d9c7b,640edb0f7,Chevy Pulaski,Bob Johnson Automotive Group,bobjohnsonleroy.com,tushar.srivastava@spyne.ai,Vini Live,Pulaski,,New York,United States,13142,GROUP_DEALER,FRANCHISE_DEALER,54 Caprara Dr,,"{""lat"":43.5508513,""lng"":-76.1156338}"
eaee24a8-5,640edb0f7,Chevy West,Bob Johnson Automotive Group,bobjohnsonleroy.com,jaspreet.kaur@spyne.ai,Studio Live,Spencerport,,New York,United States,14559,GROUP_DEALER,FRANCHISE_DEALER,5049 W Ridge Rd W,,"{""lat"":43.2174887,""lng"":-77.7972086}"
eaee24a8-5,640edb0f7,Chevy West,Bob Johnson Automotive Group,bobjohnsonleroy.com,tushar.srivastava@spyne.ai,Vini Live,Spencerport,,New York,United States,14559,GROUP_DEALER,FRANCHISE_DEALER,5049 W Ridge Rd W,,"{""lat"":43.2174887,""lng"":-77.7972086}"
4cd23d245,640edb0f7,Jessica Chevrolet NYC,Bob Johnson Automotive Group,bobjohnsonleroy.com,jaspreet.kaur@spyne.ai,Studio Live,Le Roy,,New York,United States,14482,GROUP_DEALER,FRANCHISE_DEALER,115 W Main St,,"{""lat"":42.9778763,""lng"":-78.0033961}"
4cd23d245,640edb0f7,Jessica Chevrolet NYC,Bob Johnson Automotive Group,bobjohnsonleroy.com,tushar.srivastava@spyne.ai,Vini Live,Le Roy,,New York,United States,14482,GROUP_DEALER,FRANCHISE_DEALER,115 W Main St,,"{""lat"":42.9778763,""lng"":-78.0033961}"
b5242e0f-1,640edb0f7,KNV Rochester,Bob Johnson Automotive Group,bobjohnsonleroy.com,jaspreet.kaur@spyne.ai,Studio Live,Rochester,,New York,United States,14615,GROUP_DEALER,FRANCHISE_DEALER,1271 Ridge Road West,,"{""lat"":43.2034049,""lng"":-77.6641435}"
b5242e0f-1,640edb0f7,KNV Rochester,Bob Johnson Automotive Group,bobjohnsonleroy.com,tushar.srivastava@spyne.ai,Vini Live,Rochester,,New York,United States,14615,GROUP_DEALER,FRANCHISE_DEALER,1271 Ridge Road West,,"{""lat"":43.2034049,""lng"":-77.6641435}"
deaa16ea3,640edb0f7,VW_Watertown,Bob Johnson Automotive Group,bobjohnsonleroy.com,jaspreet.kaur@spyne.ai,Studio Live,Le Roy,,New York,United States,13601,GROUP_DEALER,FRANCHISE_DEALER,18493 US Route 11,,"{""lat"":43.9348164,""lng"":-75.9354551}"
deaa16ea3,640edb0f7,VW_Watertown,Bob Johnson Automotive Group,bobjohnsonleroy.com,tushar.srivastava@spyne.ai,Vini Live,Le Roy,,New York,United States,13601,GROUP_DEALER,FRANCHISE_DEALER,18493 US Route 11,,"{""lat"":43.9348164,""lng"":-75.9354551}"
39cee9cbe0,e258a7579,Bob King Genesis,Bob King,genesisofwinstonsalem.com,abhijeet.mitra@spyne.ai,Studio Live,Winston Salem,,North Carolina,United States,27127,GROUP_DEALER,FRANCHISE_DEALER,1601 Silas Creek Pkwy,,"{""lat"":36.0691493,""lng"":-80.2627612}"
39cee9cbe0,e258a7579,Bob King Genesis,Bob King,genesisofwinstonsalem.com,sudansh.tiruwa@spyne.ai,Vini Live,Winston Salem,,North Carolina,United States,27127,GROUP_DEALER,FRANCHISE_DEALER,1601 Silas Creek Pkwy,,"{""lat"":36.0691493,""lng"":-80.2627612}"
5a4d9a8b7d,e258a7579,Bob King Hyundai,Bob King,bobkinghyundai.com,abhijeet.mitra@spyne.ai,Studio Live,Winston Salem,,North Carolina,United States,27127,GROUP_DEALER,FRANCHISE_DEALER,1601 Silas Creek Pkwy,,"{""lat"":36.0691493,""lng"":-80.2627612}"
5a4d9a8b7d,e258a7579,Bob King Hyundai,Bob King,bobkinghyundai.com,sudansh.tiruwa@spyne.ai,Vini Live,Winston Salem,,North Carolina,United States,27127,GROUP_DEALER,FRANCHISE_DEALER,1601 Silas Creek Pkwy,,"{""lat"":36.0691493,""lng"":-80.2627612}"
55b1c7fa94,e258a7579,Bob King Kia,Bob King,bobkingkia.com,abhijeet.mitra@spyne.ai,Studio Live,Winston Salem,,North Carolina,United States,27103,GROUP_DEALER,FRANCHISE_DEALER,1725 Link Rd,,"{""lat"":36.0710332,""lng"":-80.2613457}"
55b1c7fa94,e258a7579,Bob King Kia,Bob King,bobkingkia.com,sudansh.tiruwa@spyne.ai,Vini Live,Winston Salem,,North Carolina,United States,27103,GROUP_DEALER,FRANCHISE_DEALER,1725 Link Rd,,"{""lat"":36.0710332,""lng"":-80.2613457}"
a9e37101ea,e258a7579,Bob King Mazda,Bob King,bobkingmazda.com,abhijeet.mitra@spyne.ai,Studio Live,Winston Salem,,North Carolina,United States,27103,INDIVIDUAL_DEALER,FRANCHISE_DEALER,680 Peters Creek Parkway,,"{""lat"":36.0824812,""lng"":-80.257579}"
a9e37101ea,e258a7579,Bob King Mazda,Bob King,bobkingmazda.com,sudansh.tiruwa@spyne.ai,Vini Live,Winston Salem,,North Carolina,United States,27103,INDIVIDUAL_DEALER,FRANCHISE_DEALER,680 Peters Creek Parkway,,"{""lat"":36.0824812,""lng"":-80.257579}"
f25b0ca567,b2c4495ce,robertcurry,Bosstown Motors,bosstownmotors.com,garvit.sharma@spyne.ai,Studio Live,Ormond Beach,,Florida,United States,32174,INDIVIDUAL_DEALER,INDEPENDENT_DEALER,1184 S Nova Rd,,"{""lat"":29.2504099,""lng"":-81.0704559}"
49a06313cf,7d06f7427,Covina Kia,Brandon Steven Motors,,prabha.kumari@spyne.ai,Vini Live,Reseda,,CA,USA,91335,GROUP_DEALER,FRANCHISE_DEALER,"7514 Reseda Blvd, Reseda, CA, United States, 91335","7514 Reseda Blvd, Reseda, CA, United States, 91335","{""lat"":34.0783146,""lng"":-117.8891603}"
5c99ab695a,7d06f7427,Eddy's Volkswagen,Brandon Steven Motors,,prabha.kumari@spyne.ai,Vini Live,Wichita,Sedgwick County,Kansas,United States,67207,GROUP_DEALER,FRANCHISE_DEALER,"11211, East Kellogg Drive",Sedgwick County,"{""lat"":37.678502,""lng"":-97.2069106}"
9923577d07,7d06f7427,Honda of Downtown Los Angeles,Brandon Steven Motors,hondaoflosangeles.com,ankur.batra@spyne.ai,Studio Live,Los Angeles,Los Angeles County,California,United States,90037,GROUP_DEALER,FRANCHISE_DEALER,"780, West Martin Luther King Junior Boulevard","South Los Angeles, Los Angeles County","{""lat"":34.0107883,""lng"":-118.2870302}"
9923577d07,7d06f7427,Honda of Downtown Los Angeles,Brandon Steven Motors,hondaoflosangeles.com,prabha.kumari@spyne.ai,Vini Live,Los Angeles,Los Angeles County,California,United States,90037,GROUP_DEALER,FRANCHISE_DEALER,"780, West Martin Luther King Junior Boulevard","South Los Angeles, Los Angeles County","{""lat"":34.0107883,""lng"":-118.2870302}"
2b110492b6,7d06f7427,Honda of Reseda,Brandon Steven Motors,hondaofreseda.com,ankur.batra@spyne.ai,Studio Live,Reseda,,CA,U.S.A,91335,GROUP_DEALER,FRANCHISE_DEALER,7514 Reseda Blvd,7514 Reseda Blvd,"{""lat"":34.2067939,""lng"":-118.5356469}"
2b110492b6,7d06f7427,Honda of Reseda,Brandon Steven Motors,hondaofreseda.com,prabha.kumari@spyne.ai,Vini Live,Reseda,,CA,U.S.A,91335,GROUP_DEALER,FRANCHISE_DEALER,7514 Reseda Blvd,7514 Reseda Blvd,"{""lat"":34.2067939,""lng"":-118.5356469}"
1a916c0965,7d06f7427,Hyundai Carson,Brandon Steven Motors,hyundaicarson.com,prabha.kumari@spyne.ai,Vini Live,Carson,Los Angeles County,California,United States,90810,GROUP_DEALER,FRANCHISE_DEALER,"2205, East 223rd Street",Los Angeles County,"{""lat"":33.8252322,""lng"":-118.2343426}"
a0a4332434,7d06f7427,Subaru of Wichita,Brandon Steven Motors,subaruofwichita.com,prabha.kumari@spyne.ai,Vini Live,Wichita,Sedgwick County,Kansas,United States,67207,GROUP_DEALER,FRANCHISE_DEALER,"11610, East Kellogg Drive",Sedgwick County,"{""lat"":37.6804902,""lng"":-97.2022324}"
81842de537,4a907ff81,Drive Casa Singleton,"Bravo Automotive Group, LLC",drivecasa.com,jaspreet.kaur@spyne.ai,Studio Live,Dallas,,Texas,United States,75247,GROUP_DEALER,FRANCHISE_DEALER,"7929 Brookriver Dr, Ste. 630, Dallas, Tx",,"{""lat"":32.8192174,""lng"":-96.8662054}"
f89ae024ba,ef889a294,Bridge Auto,Bridge Auto Group,bridgeautogroup.com,vishal.singh1@spyne.ai,Studio Churned,Queens,Queens County,New York,United States,11434,INDIVIDUAL_DEALER,INDEPENDENT_DEALER,"156-10, Baisley Boulevard","Jamaica, Queens County","{""lat"":40.6748926,""lng"":-73.7831781}"
f89ae024ba,ef889a294,Bridge Auto,Bridge Auto Group,bridgeautogroup.com,vishal.singh1@spyne.ai,Vini Churned,Queens,Queens County,New York,United States,11434,INDIVIDUAL_DEALER,INDEPENDENT_DEALER,"156-10, Baisley Boulevard","Jamaica, Queens County","{""lat"":40.6748926,""lng"":-73.7831781}"
e4047018-c,9016eb535,Bridgeton Auto Mall,Bridgeton Auto Mall,bridgetonautomall.com,jaspreet.kaur@spyne.ai,Studio Live,Bridgeton,,New Jersey,United States,8302,INDIVIDUAL_DEALER,FRANCHISE_DEALER,808 N Pearl St,,"{""lat"":39.4503689,""lng"":-75.2170467}"
e4047018-c,9016eb535,Bridgeton Auto Mall,Bridgeton Auto Mall,bridgetonautomall.com,zeeshana.aijaz@spyne.ai,Vini Live,Bridgeton,,New Jersey,United States,8302,INDIVIDUAL_DEALER,FRANCHISE_DEALER,808 N Pearl St,,"{""lat"":39.4503689,""lng"":-75.2170467}"
c764927e0,9016eb535,New Inventory(In-transit images),Bridgeton Auto Mall,,jaspreet.kaur@spyne.ai,Studio Live,Bridgeton,,New Jersey,United States,8302,INDIVIDUAL_DEALER,FRANCHISE_DEALER,808 N Pearl St,,"{""lat"":39.4503689,""lng"":-75.2170467}"
c764927e0,9016eb535,New Inventory(In-transit images),Bridgeton Auto Mall,,zeeshana.aijaz@spyne.ai,Vini Live,Bridgeton,,New Jersey,United States,8302,INDIVIDUAL_DEALER,FRANCHISE_DEALER,808 N Pearl St,,"{""lat"":39.4503689,""lng"":-75.2170467}"
6d828d314,9016eb535,Used inventory,Bridgeton Auto Mall,bridgetonautomall.com,jaspreet.kaur@spyne.ai,Studio Live,Bridgeton,,New Jersey,United States,8302,INDIVIDUAL_DEALER,FRANCHISE_DEALER,808 N. Pearl Street,,"{""lat"":39.4503689,""lng"":-75.2170467}"
6d828d314,9016eb535,Used inventory,Bridgeton Auto Mall,bridgetonautomall.com,zeeshana.aijaz@spyne.ai,Vini Live,Bridgeton,,New Jersey,United States,8302,INDIVIDUAL_DEALER,FRANCHISE_DEALER,808 N. Pearl Street,,"{""lat"":39.4503689,""lng"":-75.2170467}"
cde44ba3b1,585fb1c61,Brothers Auto Group,Brothers Auto Group,brotherautogroup.com,prathamesh.prashant@spyne.ai,Studio Live,plufgerville,,Texas,United States,78660,INDIVIDUAL_DEALER,INDEPENDENT_DEALER,15505 N Interstate 35 Ste B,,"{""lat"":30.45019,""lng"":-97.6706038}"
4c1f63c973,bb2874744,Buckhannon Toyota,Buckhannon Toyota,buckhannontoyota.com,sanyam.tyagi@spyne.ai,Studio Live,Buckhannon,,West Virginia,United States,26201,INDIVIDUAL_DEALER,FRANCHISE_DEALER,63 Brushy Fork Rd,,"{""lat"":38.9988603,""lng"":-80.2538504}"
5228334a8f,21e11595e,Bud Clary Auburn CDJR Hyundai,"Bud Clary Chevrolet, INC",,avinash.jha@spyne.ai,Studio Live,Auburn,King County,Washington,United States,98002,INDIVIDUAL_DEALER,FRANCHISE_DEALER,"2807, Auburn Way North",King County,"{""lat"":47.3323156,""lng"":-122.2226154}"
ef0a83181e,21e11595e,Bud Clary Auburn VW,"Bud Clary Chevrolet, INC",,avinash.jha@spyne.ai,Studio Live,Auburn,King County,Washington,United States,98002,INDIVIDUAL_DEALER,FRANCHISE_DEALER,"3109, Auburn Way North",King County,"{""lat"":47.335664,""lng"":-122.223299}"
38d7b02b6b,21e11595e,Bud Clary Chevrolet Subaru of Longview,"Bud Clary Chevrolet, INC",,avinash.jha@spyne.ai,Studio Live,Longview,Cowlitz County,Washington,United States,98632,INDIVIDUAL_DEALER,FRANCHISE_DEALER,"961, Commerce Avenue","Downtown, Cowlitz County","{""lat"":46.1316937,""lng"":-122.9370596}"
558f89d213,21e11595e,Bud Clary Chevrolet Toyota CDJR of Moses Lake,"Bud Clary Chevrolet, INC",,avinash.jha@spyne.ai,Studio Live,Moses Lake,Grant County,Washington,United States,98837,INDIVIDUAL_DEALER,FRANCHISE_DEALER,"12174, North Frontage Road Northeast",Grant County,"{""lat"":47.1043107,""lng"":-119.3586678}"
86be6cd729,21e11595e,Bud Clary Fleet,"Bud Clary Chevrolet, INC",,avinash.jha@spyne.ai,Studio Live,Longview,Cowlitz County,Washington,United States,98632,INDIVIDUAL_DEALER,FRANCHISE_DEALER,"1030, Commerce Avenue","Downtown, Cowlitz County","{""lat"":46.1320612,""lng"":-122.9354522}"
874e81c809,21e11595e,Bud Clary Ford Honda of Moses Lake,"Bud Clary Chevrolet, INC",,avinash.jha@spyne.ai,Studio Live,Moses Lake,Grant County,Washington,United States,98837,INDIVIDUAL_DEALER,FRANCHISE_DEALER,"1200, South Pioneer Way",Grant County,"{""lat"":47.11806,""lng"":-119.2666869}"
1bf29fef3f,21e11595e,Bud Clary Ford Hyundai of Longview,"Bud Clary Chevrolet, INC",,avinash.jha@spyne.ai,Studio Live,Longview,Cowlitz County,Washington,United States,98632,INDIVIDUAL_DEALER,FRANCHISE_DEALER,"1030, Commerce Avenue","Downtown, Cowlitz County","{""lat"":46.1320612,""lng"":-122.9354522}"
783e5cde9d,21e11595e,Bud Clary Toyota of Yakima,"Bud Clary Chevrolet, INC",,avinash.jha@spyne.ai,Studio Live,Union Gap,Yakima County,Washington,United States,98903,INDIVIDUAL_DEALER,FRANCHISE_DEALER,"2230, Longfibre Road",Yakima County,"{""lat"":46.5643599,""lng"":-120.4972103}"
0d61561d22,21e11595e,Bud clary Westlie Ford,"Bud Clary Chevrolet, INC",,avinash.jha@spyne.ai,Studio Live,Union Gap,Yakima County,Washington,United States,98903,INDIVIDUAL_DEALER,FRANCHISE_DEALER,"2230, Longfibre Road",Yakima County,"{""lat"":46.5643599,""lng"":-120.4972103}"
59b6bf3e38,7bb652e27,Butler Lexus South Atlanta,Butler Lexus of South Atlanta,butlerlexussouthatlanta.com,abhijeet.mitra@spyne.ai,Studio Live,Union City,Fulton County,Georgia,United States,30291,INDIVIDUAL_DEALER,FRANCHISE_DEALER,"4025, Jonesboro Road",Fulton County,"{""lat"":33.5646588,""lng"":-84.518726}"
9f0ac2ac0f,e60598d45,Akron,Byrider,,sanyam.tyagi@spyne.ai,Studio Live,Ohio,Summit County,Ohio,America,44312,INDIVIDUAL_DEALER,INDEPENDENT_DEALER,"777 S Canton Rd, Akron, OH 44312","777 S Canton Rd, Akron, OH 44312","{""lat"":41.081199,""lng"":-81.51883769999999}"
509ae2c44d,e60598d45,Amherst,Byrider,,sanyam.tyagi@spyne.ai,Studio Live,Ohio,Lorain County,Ohio,America,44001,INDIVIDUAL_DEALER,INDEPENDENT_DEALER,"7550 Leavitt Rd, Amherst, OH 44001, USA","7550 Leavitt Rd, Amherst, OH 44001, USA","{""lat"":41.081199,""lng"":-81.51883769999999}"
4657899350,e60598d45,Ashtabula,Byrider,,sanyam.tyagi@spyne.ai,Studio Live,Ohio,Ashtabula County,Ohio,America,44004,INDIVIDUAL_DEALER,INDEPENDENT_DEALER,"3420 N Ridge Rd E, Ashtabula, OH 44004","3420 N Ridge Rd E, Ashtabula, OH 44004","{""lat"":41.081199,""lng"":-81.51883769999999}"
4a1327e438,e60598d45,Byrider,Byrider,,sanyam.tyagi@spyne.ai,Studio Live,Akron,Summit County,Ohio,United States,44312,INDIVIDUAL_DEALER,INDEPENDENT_DEALER,"777, South Canton Road","Ellet, Summit County","{""lat"":41.0429789,""lng"":-81.4358374}"
d776f6d7fd,e60598d45,Canton,Byrider,,sanyam.tyagi@spyne.ai,Studio Live,Ohio,Stark County,Ohio,America,44708,INDIVIDUAL_DEALER,INDEPENDENT_DEALER,"3000 Tuscarawas St W, Canton, OH 44708, United States","3000 Tuscarawas St W, Canton, OH 44708, United States","{""lat"":41.081199,""lng"":-81.51883769999999}"
906209b832,e60598d45,Cleveland,Byrider,,sanyam.tyagi@spyne.ai,Studio Live,Ohio,Cuyahoga County,Ohio,America,44134,INDIVIDUAL_DEALER,INDEPENDENT_DEALER,"5250 Brookpark Rd, Cleveland, OH 44134, USA","5250 Brookpark Rd, Cleveland, OH 44134, USA","{""lat"":41.081199,""lng"":-81.51883769999999}"
e1c24d69bc,e60598d45,Euclid,Byrider,,sanyam.tyagi@spyne.ai,Studio Live,Ohio,Cuyahoga County,Ohio,America,44117,INDIVIDUAL_DEALER,INDEPENDENT_DEALER,"20941 Euclid Ave, Euclid, OH 44117, USA",,"{""lat"":41.081199,""lng"":-81.51883769999999}"
b16a57e73b,e60598d45,Mansfield,Byrider,,sanyam.tyagi@spyne.ai,Studio Live,Ohio,Richland County,Ohio,America,44906,INDIVIDUAL_DEALER,INDEPENDENT_DEALER,"1810 W 4th St, Ontario, OH 44906, USA",,"{""lat"":41.081199,""lng"":-81.51883769999999}"
2bd17b6a7f,e60598d45,Wooster,Byrider,,sanyam.tyagi@spyne.ai,Studio Live,Ohio,Wayne County,Ohio,America,44691,INDIVIDUAL_DEALER,INDEPENDENT_DEALER,"4536 Cleveland Rd, Wooster, OH 44691","4536 Cleveland Rd, Wooster, OH 44691","{""lat"":41.081199,""lng"":-81.51883769999999}"
77a9671bc3,97e494b63,Lucki  Mazda of  Woodbridge,C.A.R. Automotive LLC,,prabha.kumari@spyne.ai,Vini Live,Woodbridge,Prince William County,Virginia,United States,22191,INDIVIDUAL_DEALER,FRANCHISE_DEALER,"15610, Richmond Highway",Prince William County,"{""lat"":38.6131265,""lng"":-77.2898791}"
b60b1bb221,97e494b63,Lucki Mazda of Woodbridge,C.A.R. Automotive LLC,luckimazdaofwoodbridge-com.l.ink,prabha.kumari@spyne.ai,Vini Live,Woodbridge,Prince William County,Virginia,United States,22191,INDIVIDUAL_DEALER,INDEPENDENT_DEALER,"15610, Richmond Highway",Prince William County,"{""lat"":38.613181,""lng"":-77.2903699}"
b1b5f558f8,f7648a6e0,Calgary Truck,Calgary Truck,calgarytruck.ca,prathamesh.prashant@spyne.ai,Studio Live,Calgary,Barlow Trl SE,Alberta,Canada,T2C 4W8,INDIVIDUAL_DEALER,INDEPENDENT_DEALER,"6127, Barlow Trail Southeast","Unit 170, Southeast Calgary","{""lat"":50.9992372,""lng"":-113.985708}"
ed87502f28,62f962c8e,Ardmore Toyota,Callsource Auto,,akash.jaiswal@spyne.ai,Vini Live,Poway,Montgomery County,,PA,United States,INDIVIDUAL_DEALER,INDEPENDENT_DEALER,"219 E Lancaster Ave, Ardmore, PA","219 E Lancaster Ave, Ardmore, PA","{""lat"":32.9628232,""lng"":-117.0358646}"
7e881698d8,62f962c8e,Central City Toyota,Callsource Auto,,akash.jaiswal@spyne.ai,Vini Live,Poway,Philadelphia,PA,United States,19139,INDIVIDUAL_DEALER,INDEPENDENT_DEALER,4800 Chestnut St,,"{""lat"":32.9628232,""lng"":-117.0358646}"
76d83097a2,62f962c8e,McLarty Honda,Callsource Auto,,akash.jaiswal@spyne.ai,Vini Live,"Little Rock,",Little Rock,AR,United States,72210,INDIVIDUAL_DEALER,INDEPENDENT_DEALER,"10 Colonel Glenn Court, Little Rock,","10 Colonel Glenn Court, Little Rock,","{""lat"":34.7428286,""lng"":-92.2762904}"
b858509a68,62f962c8e,Michael Hohl Chevrolet GMC,Callsource Auto,,akash.jaiswal@spyne.ai,Vini Live,Carson City,Carson City,Nevada,United States,89701,INDIVIDUAL_DEALER,INDEPENDENT_DEALER,"3700, South Carson Street",Carson City,"{""lat"":39.1335593,""lng"":-119.7701822}"
064f07c700,62f962c8e,Toyota of Poway,Callsource Auto,,akash.jaiswal@spyne.ai,Vini Live,Poway,poway,CA,United States,92064,INDIVIDUAL_DEALER,INDEPENDENT_DEALER,"13631 Poway Rd, Poway, CA 92064","13631 Poway Rd, Poway, CA 92064","{""lat"":37.7749,""lng"":-122.4194}"
c9e74e59-c,e7c70ee5c,All Inventory,Capital Chevrolet Inc.,,abhijeet.mitra@spyne.ai,Studio Live,Wake Forest,,North Carolina,United States,27587,GROUP_DEALER,FRANCHISE_DEALER,9820 Capital Blvd,,"{""lat"":35.9149012,""lng"":-78.5493936}"
c9e74e59-c,e7c70ee5c,All Inventory,Capital Chevrolet Inc.,,abhijeet.mitra@spyne.ai,Vini Live,Wake Forest,,North Carolina,United States,27587,GROUP_DEALER,FRANCHISE_DEALER,9820 Capital Blvd,,"{""lat"":35.9149012,""lng"":-78.5493936}"
d2db15a8-d,e7c70ee5c,New inventory,Capital Chevrolet Inc.,capitalchevrolet.com,abhijeet.mitra@spyne.ai,Studio Live,Wake Forest,,North Carolina,United States,27587,GROUP_DEALER,FRANCHISE_DEALER,9820 Capital Blvd,,"{""lat"":35.9149012,""lng"":-78.5493936}"
d2db15a8-d,e7c70ee5c,New inventory,Capital Chevrolet Inc.,capitalchevrolet.com,,Vini Live,Wake Forest,,North Carolina,United States,27587,GROUP_DEALER,FRANCHISE_DEALER,9820 Capital Blvd,,"{""lat"":35.9149012,""lng"":-78.5493936}"
3aae9419f6,e7c70ee5c,Production,Capital Chevrolet Inc.,capitalchevrolet.com,abhijeet.mitra@spyne.ai,Studio Live,Wake Forest,,North Carolina,United States,27587,GROUP_DEALER,FRANCHISE_DEALER,9820 Capital Blvd,,"{""lat"":35.9149012,""lng"":-78.5493936}"
3aae9419f6,e7c70ee5c,Production,Capital Chevrolet Inc.,capitalchevrolet.com,,Vini Live,Wake Forest,,North Carolina,United States,27587,GROUP_DEALER,FRANCHISE_DEALER,9820 Capital Blvd,,"{""lat"":35.9149012,""lng"":-78.5493936}"
6b37aa296,5b2cbec7c,Capital City Ford Lincoln Toyota,Capital City Ford Lincoln Toyota,capitalcityford.com,vishal.singh1@spyne.ai,Studio Live,Pierre,,South Dakota,United States,57501,INDIVIDUAL_DEALER,FRANCHISE_DEALER,518 East Sioux Avenue,,"{""lat"":44.3636754,""lng"":-100.3481889}"
e305b41c-0,814bb50b2,Capitol Auto_Raleigh,Capitol Auto of Smithfield,capitolauto.net,avinash.jha@spyne.ai,Studio Live,Raleigh,,North Carolina,United States,27603,GROUP_DEALER,INDEPENDENT_DEALER,1313 Capital Boulevard Suite 100,,"{""lat"":35.7993747,""lng"":-78.6359446}"
eb984d3e0b,814bb50b2,Capitol Auto_Smithfield,Capitol Auto of Smithfield,capitolautosmithfield.com,avinash.jha@spyne.ai,Studio Live,Smithfield,,North Carolina,United States,27577,GROUP_DEALER,INDEPENDENT_DEALER,713 S Brightleaf Blvd,,"{""lat"":35.5007064,""lng"":-78.3470926}"
bdc9bd3044,c66c3062f,Car Bargain,Car Bargain,mycarbargain.com,garvit.sharma@spyne.ai,Studio Live,Shirley Ave Warrenton,,Virginia,United States,20186,INDIVIDUAL_DEALER,INDEPENDENT_DEALER,187 W,,"{""lat"":38.7122871,""lng"":-77.8044166}"
94ddbb36e4,2acceeb3e,Car Bazaar of Pensacola,Car Bazaar,pensacolabestcars.com,prathamesh.prashant@spyne.ai,Studio Live,Pensacola,,Florida,United States,32507,INDIVIDUAL_DEALER,INDEPENDENT_DEALER,2701 Gulf Beach Hwy,,"{""lat"":30.3802121,""lng"":-87.3089742}"
b6d1c1db0,8fee12e95,Car Castle,Car Castle,carcastleny.com,manpreet.kaur@spyne.ai,Studio Live,Bellerose,,New York,United States,11426,INDIVIDUAL_DEALER,INDEPENDENT_DEALER,250 01 Jericho Tpke,,"{""lat"":40.7269652,""lng"":-73.7145937}"
e1bac95363,3a050606d,Car Castle,Car Castle,mycarcastle.com,garvit.sharma@spyne.ai,Studio Live,Fullerton,Orange County,California,United States,92832,INDIVIDUAL_DEALER,INDEPENDENT_DEALER,"722, West Commonwealth Avenue",Orange County,"{""lat"":33.86983120084333,""lng"":-117.93871521705933}"
2b0786af04,9.70E+33,Car Central Milford,Car Central,,avinash.jha@spyne.ai,Studio Live,Milford,,Connecticut,United States,6460,GROUP_DEALER,FRANCHISE_DEALER,50 South Washington Street,,"{""lat"":41.2136816,""lng"":-73.0783688}"
99d856281f,9.70E+33,Car Central Wallingford,Car Central,,avinash.jha@spyne.ai,Studio Live,Wallingford,,Connecticut,United States,6492,GROUP_DEALER,FRANCHISE_DEALER,1191 North Colony Road,,"{""lat"":41.5031308,""lng"":-72.8111225}"
8d0abf19eb,b2dd27a91,Car Central Inc.,Car Central Inc.,carcentral.ca,garvit.sharma@spyne.ai,Studio Live,Barrie,,Ontario,Canada,L4N 4C7,INDIVIDUAL_DEALER,INDEPENDENT_DEALER,290 Yonge St,,"{""lat"":44.3702278,""lng"":-79.6717569}"
f6519057-c,b8f607c5f,Car City INC_2,Car City INC,carcitychicago.com,garvit.sharma@spyne.ai,Studio Live,Palatine,,Illinois,United States,60074,INDIVIDUAL_DEALER,INDEPENDENT_DEALER,2232 N Rand Rd,,"{""lat"":42.1295175,""lng"":-88.0045975}"
d615d65917,63ee21352,Car Cloud LTD,Car Cloud LTD,,anuj.tewatia@spyne.ai,Studio Live,Whitefield,Greater Manchester,England,United Kingdom,M45 7FJ,INDIVIDUAL_DEALER,INDEPENDENT_DEALER,"22, Bury New Road",Greater Manchester,"{""lat"":53.5403276,""lng"":-2.2892913}"
b64a77c54d,6023a1d02,Main Feed,Car Hop Auto Sales & Finance,carhop.com,ankur.batra@spyne.ai,Studio Live,Aurora,,Colorado,United States,80010,GROUP_DEALER,INDEPENDENT_DEALER,658 S Havana St,,"{""lat"":39.7049501,""lng"":-104.8681932}"
7aa04a1a2d,aa323b917,Car Revolution Avenel,Car Revolution,,aditya.kaul@spyne.ai,Vini Live,Woodbridge Township,Middlesex County,New Jersey,United States,7001,INDIVIDUAL_DEALER,INDEPENDENT_DEALER,"885, U.S. 1","Avenel, Middlesex County","{""lat"":40.5753968,""lng"":-74.289665}"
eba56ec9aa,aa323b917,Pointe Buick GMC,Car Revolution,pinegroveautomall.com,aditya.kaul@spyne.ai,Studio Live,Penns Grove,Salem County,New Jersey,United States,8069,INDIVIDUAL_DEALER,FRANCHISE_DEALER,"91, North Virginia Avenue",Salem County,"{""lat"":39.729992,""lng"":-75.46091539999999}"
eba56ec9aa,aa323b917,Pointe Buick GMC,Car Revolution,pinegroveautomall.com,aditya.kaul@spyne.ai,Vini Live,Penns Grove,Salem County,New Jersey,United States,8069,INDIVIDUAL_DEALER,FRANCHISE_DEALER,"91, North Virginia Avenue",Salem County,"{""lat"":39.729992,""lng"":-75.46091539999999}"
86559f6ef2,f44026259,CarLux Fort Myers,CarLux Fort Myers,,prathamesh.prashant@spyne.ai,Studio Live,Fort Myers,Lee County,Florida,United States,33901,INDIVIDUAL_DEALER,INDEPENDENT_DEALER,"3388, Fowler Street",Lee County,"{""lat"":26.6158953,""lng"":-81.8624317}"
60444568f1,de05931c6,CarXpress,CarXpress,carxpressva.com,anuj.tewatia@spyne.ai,Studio Live,Richmond Hwy Fredericksburg,,Virginia,United States,22405,INDIVIDUAL_DEALER,INDEPENDENT_DEALER,1278,,"{""lat"":38.3851576,""lng"":-77.4420573}"
37e0bf8cfa,15b53f1c3,Carlot Hawaii,Carlot Hawaii,carlothawaii.com,garvit.sharma@spyne.ai,Studio Live,Honolulu,,Hawaii,United States,96819,INDEPENDENT_DEALER,INDEPENDENT_DEALER,692 Bannister St,,"{""lat"":21.3322403,""lng"":-157.8832507}"
3313d02ba6,ceabffd21,Team 1,Carlover NI Limited,,akash.jaiswal@spyne.ai,Studio Live,Belfast,Belfast,Northern Ireland,UK,BT28FE,PARTNER,,Carlover NI Limited,55-59 Adelaide Street,"{""lat"":54.59728500000001,""lng"":-5.93012}"
4ea047c0f7,c33bdc2e6,Hyundai of Lexington Park,Carter Myers Automotive,,avinash.jha@spyne.ai,Studio Live,Lexington Park,St. Mary's County,Maryland,United States,20653,INDIVIDUAL_DEALER,FRANCHISE_DEALER,"22518, Three Notch Road",St. Mary's County,"{""lat"":38.2864366,""lng"":-76.4758665}"
9584497dcc,c33bdc2e6,Toyota of Lexington Park,Carter Myers Automotive,,avinash.jha@spyne.ai,Studio Live,Lexington Park,St. Mary's County,Maryland,United States,20653,INDIVIDUAL_DEALER,FRANCHISE_DEALER,"22500, Three Notch Road",St. Mary's County,"{""lat"":38.2856792,""lng"":-76.4743618}"
f0a7ced234,c33bdc2e6,Williamsburg Ford,Carter Myers Automotive,,avinash.jha@spyne.ai,Studio Live,Williamsburg,York County,Virginia,United States,23188,INDIVIDUAL_DEALER,FRANCHISE_DEALER,"701, East Rochambeau Drive",York County,"{""lat"":37.3490458,""lng"":-76.7356077}"
3d5a4db58f,6104feedc,Certified Autoplex Inc._1,Certified Autoplex Inc.,certifiedautoplex.com,prathamesh.prashant@spyne.ai,Studio Live,Dallas,,Texas,United States,75234,INDIVIDUAL_DEALER,INDEPENDENT_DEALER,3340 Belt Line Rd,,"{""lat"":32.9531941,""lng"":-96.8649227}"
153aa08a7,6104feedc,Certified Autoplex Inc._2,Certified Autoplex Inc.,certifiedautoplex.com,prathamesh.prashant@spyne.ai,Studio Live,Dallas,,Texas,United States,75234,INDIVIDUAL_DEALER,INDEPENDENT_DEALER,3340 Belt Line Rd,,"{""lat"":32.9531941,""lng"":-96.8649227}"
eee817b4cd,58e0896f7,Southey Ford,Chapman Chevrolet Buick gmc ltd,,zeeshana.aijaz@spyne.ai,Studio Churned,Southey,,SK,Canada,S0G 4P0,INDIVIDUAL_DEALER,FRANCHISE_DEALER,135 SK-6,135 SK-6,"{""lat"":50.9396467,""lng"":-104.4960815}"
eee817b4cd,58e0896f7,Southey Ford,Chapman Chevrolet Buick gmc ltd,,zeeshana.aijaz@spyne.ai,Vini Churned,Southey,,SK,Canada,S0G 4P0,INDIVIDUAL_DEALER,FRANCHISE_DEALER,135 SK-6,135 SK-6,"{""lat"":50.9396467,""lng"":-104.4960815}"
f67e37cee,48d291b7d,Cataloguing-Brownsville,Charlie Clark Hyundai,charlieclarknissanbrownsville.com,abhijeet.mitra@spyne.ai,Studio Live,Pharr,,Texas,United States,78577,GROUP_DEALER,FRANCHISE_DEALER,1605 W Expy 83,,"{""lat"":26.2008499,""lng"":-98.1988718}"
9085d28a-b,48d291b7d,Charlie Clark Hyundai laredo,Charlie Clark Hyundai,charlieclarkhyundai.com,abhijeet.mitra@spyne.ai,Studio Live,Laredo,,Texas,United States,78041,GROUP_DEALER,FRANCHISE_DEALER,2420 Jacaman Rd,,"{""lat"":27.5617287,""lng"":-99.4473858}"
93bc8ebb1,48d291b7d,Charlie Clark Hyundai of Pharr,Charlie Clark Hyundai,charlieclarknissanbrownsville.com,abhijeet.mitra@spyne.ai,Studio Live,Pharr,,Texas,United States,78577,GROUP_DEALER,FRANCHISE_DEALER,1605 W Expy 83,,"{""lat"":26.2008499,""lng"":-98.1988718}"
dab74e5d4,48d291b7d,Charlie Clark Nissan Harlingen_2,Charlie Clark Hyundai,charlieclarknissanharlingen.com,abhijeet.mitra@spyne.ai,Studio Live,Harlingen,,Texas,United States,78552,GROUP_DEALER,FRANCHISE_DEALER,3500 W. Expressway 83,,"{""lat"":26.1843533,""lng"":-97.7807265}"
659f869f-a,48d291b7d,MP16414,Charlie Clark Hyundai,charlieclarknissanelpaso.net,abhijeet.mitra@spyne.ai,Studio Live,El Paso,,Texas,United States,79932,GROUP_DEALER,FRANCHISE_DEALER,6451 S. Desert Blvd.,,"{""lat"":31.8869368,""lng"":-106.5836979}"
f1f8f56a-7,48d291b7d,MP23737,Charlie Clark Hyundai,charlieclark.com,abhijeet.mitra@spyne.ai,Studio Live,El Paso,,Texas,United States,79932,GROUP_DEALER,FRANCHISE_DEALER,6451 S. Desert Blvd.,,"{""lat"":31.8869368,""lng"":-106.5836979}"
942b6b10-b,48d291b7d,MP89054,Charlie Clark Hyundai,charlieclarkchevygmc.com,abhijeet.mitra@spyne.ai,Studio Live,Pharr,,Texas,United States,78577,GROUP_DEALER,FRANCHISE_DEALER,1605 W Expy 83,,"{""lat"":26.2008499,""lng"":-98.1988718}"
bfd79bba74,e743e36b8,Charlie Clark Hyundai,Charlie Clark Hyundai Pharr,brown-hyundai.com,zeeshana.aijaz@spyne.ai,Studio Live,Pharr,,Texas,United States,78577,INDIVIDUAL_DEALER,INDEPENDENT_DEALER,1605 W Expy 83,,"{""lat"":26.2008499,""lng"":-98.1988718}"
8007ed9bb5,dc955d79f,Clear auto Sales,Clear Auto Dartmouth,carcitychicago.com,garvit.sharma@spyne.ai,Studio Live,Palatine,,Illinois,United States,60074,INDIVIDUAL_DEALER,INDEPENDENT_DEALER,2232 N Rand Rd,,"{""lat"":42.1295175,""lng"":-88.0045975}"
0c5504bac9,35eb16399,Colonial Cadillac Woburn,Colonial Cadillac of Woburn,colonialcadillacwoburn.com,avinash.jha@spyne.ai,Studio Live,WOBURN,,Massachusetts,United States,1801,INDIVIDUAL_DEALER,FRANCHISE_DEALER,201 Cambridge Road,,"{""lat"":42.4658577,""lng"":-71.177119}"
3813a76e4d,411229b38,Community Motors,Community Motors,communitymotor.com,prathamesh.prashant@spyne.ai,Studio Live,Bloomington,,Illinois,United States,61704,INDIVIDUAL_DEALER,INDEPENDENT_DEALER,306 Greenwood Ave,,"{""lat"":40.4519157,""lng"":-89.0117709}"
3b8dee0632,b81a8498a,Corn Husker Auto Center,Cornhusker Auto Center,cornhuskerautocenter.com,jaspreet.kaur@spyne.ai,Studio Live,Norfolk,Madison County,Nebraska,United States,68701,GROUP_DEALER,FRANCHISE_DEALER,"700, East Norfolk Avenue",Madison County,"{""lat"":42.0322816,""lng"":-97.3967908}"
3b8dee0632,b81a8498a,Corn Husker Auto Center,Cornhusker Auto Center,cornhuskerautocenter.com,jaspreet.kaur@spyne.ai,Vini Live,Norfolk,Madison County,Nebraska,United States,68701,GROUP_DEALER,FRANCHISE_DEALER,"700, East Norfolk Avenue",Madison County,"{""lat"":42.0322816,""lng"":-97.3967908}"
37329f9976,b81a8498a,Corn Husker Nissan,Cornhusker Auto Center,cornhuskernissan.com,jaspreet.kaur@spyne.ai,Studio Live,Norfolk,Madison County,Nebraska,United States,68701,GROUP_DEALER,FRANCHISE_DEALER,"2125, Krenzien Drive",Madison County,"{""lat"":42.020655,""lng"":-97.4402628}"
37329f9976,b81a8498a,Corn Husker Nissan,Cornhusker Auto Center,cornhuskernissan.com,jaspreet.kaur@spyne.ai,Vini Live,Norfolk,Madison County,Nebraska,United States,68701,GROUP_DEALER,FRANCHISE_DEALER,"2125, Krenzien Drive",Madison County,"{""lat"":42.020655,""lng"":-97.4402628}"
3f96401f8d,b81a8498a,Courtesy Ford,Cornhusker Auto Center,courtesyfordofnorfolk.com,jaspreet.kaur@spyne.ai,Studio Live,Norfolk,Madison County,Nebraska,United States,68701,GROUP_DEALER,FRANCHISE_DEALER,"2005, Krenzien Drive",Madison County,"{""lat"":42.0198188,""lng"":-97.4392495}"
3f96401f8d,b81a8498a,Courtesy Ford,Cornhusker Auto Center,courtesyfordofnorfolk.com,jaspreet.kaur@spyne.ai,Vini Live,Norfolk,Madison County,Nebraska,United States,68701,GROUP_DEALER,FRANCHISE_DEALER,"2005, Krenzien Drive",Madison County,"{""lat"":42.0198188,""lng"":-97.4392495}"
7b33be4cb8,5d4b68f71,Countryside Mitsubishi,Countryside Mitsubishi,countrysidemitsubishi.com,abhijeet.mitra@spyne.ai,Studio Live,Countryside,,Illinois,United States,60525,INDIVIDUAL_DEALER,FRANCHISE_DEALER,5800 South La Grange Rd,,"{""lat"":41.7841624,""lng"":-87.8691068}"
800ac67ca8,9cafef7cb,County Ford,County Ford,countyford.com,vishal.singh1@spyne.ai,Studio Live,Graham,,North Carolina,United States,27253,INDIVIDUAL_DEALER,FRANCHISE_DEALER,"105 Auto Park Dr, Graham",,"{""lat"":36.0599478,""lng"":-79.403551}"
d41d8fa99e,d317be79b,Courtesy Chevrolet Phoenix,Courtesy Chevy of Tucson,courtesyautomotivegroup.com,jaspreet.kaur@spyne.ai,Studio Live,San Diego,,California,United States,92108,GROUP_DEALER,FRANCHISE_DEALER,1233 E Camelback Rd,,"{""lat"":32.9991596,""lng"":-117.0194425}"
fc5e5c143d,d317be79b,Courtesy Chevrolet of Tucson,Courtesy Chevy of Tucson,,jaspreet.kaur@spyne.ai,Studio Live,Tucson,Tucson,AZ,USA,85705,INDIVIDUAL_DEALER,FRANCHISE_DEALER,625 W Auto Mall Dr,625 W Auto Mall Dr,"{""lat"":32.2539787,""lng"":-110.9741769}"
35614ddc41,d317be79b,Courtesy Chrysler Dodge RAM of Superstition Springs,Courtesy Chevy of Tucson,courtesyautomotivegroup.com,jaspreet.kaur@spyne.ai,Studio Live,Mesa,,Arizona,United States,85206,GROUP_DEALER,FRANCHISE_DEALER,6130 E Auto Park Dr,,"{""lat"":33.3904437,""lng"":-111.6991236}"
ae41d1fcc8,d317be79b,Courtesy INFINITI of Tucson,Courtesy Chevy of Tucson,,jaspreet.kaur@spyne.ai,Studio Live,Tucson,Tucson,AZ,USA,85705,INDIVIDUAL_DEALER,FRANCHISE_DEALER,625 W Auto Mall Dr,625 W Auto Mall Dr,"{""lat"":32.2539787,""lng"":-110.9741769}"
ee20039afa,d317be79b,Courtesy Kia,Courtesy Chevy of Tucson,courtesyautomotivegroup.com,jaspreet.kaur@spyne.ai,Studio Live,Mesa,,Arizona,United States,85206,GROUP_DEALER,FRANCHISE_DEALER,6428 E Test Dr,,"{""lat"":33.3842463,""lng"":-111.6933571}"
619f726b6f,d317be79b,Courtesy Nissan of Mesa,Courtesy Chevy of Tucson,courtesyautomotivegroup.com,jaspreet.kaur@spyne.ai,Studio Live,Arizona,,California,United States,85206,GROUP_DEALER,FRANCHISE_DEALER,6354 E Test Dr,,"{""lat"":33.3861518,""lng"":-111.6954094}"
50479df414,d317be79b,Courtesy Volvo Cars of Scottsdale,Courtesy Chevy of Tucson,courtesyautomotivegroup.com,jaspreet.kaur@spyne.ai,Studio Live,Scottsdale,,California,United States,85251,GROUP_DEALER,FRANCHISE_DEALER,4001 N 89th St,,"{""lat"":33.4938133,""lng"":-111.8895225}"
e7168f457,7a2bacfec,Covert Buick GMC Austin,Covert Auto Group,covertchryslerdodgejeepram.com,avinash.jha@spyne.ai,Studio Live,Austin,,Texas,United States,78759,GROUP_DEALER,FRANCHISE_DEALER,11750 Research Blvd,,"{""lat"":30.4193055,""lng"":-97.7463874}"
c5639833d,7a2bacfec,Covert Cadillac of Austin,Covert Auto Group,covertchryslerdodgejeepram.com,avinash.jha@spyne.ai,Studio Live,Austin,,Texas,United States,78759,GROUP_DEALER,FRANCHISE_DEALER,11750 Research Blvd Suite B,,"{""lat"":30.4193055,""lng"":-97.7463874}"
7eae00dfb,7a2bacfec,Covert Chrysler Dodge Jeep Ram,Covert Auto Group,covertchryslerdodgejeepram.com,avinash.jha@spyne.ai,Studio Live,Austin,,Texas,United States,78759,GROUP_DEALER,FRANCHISE_DEALER,8107 Research Blvd,,"{""lat"":30.3532596,""lng"":-97.7150594}"
b4a89ff52,32fb64ae3,Ford New,Covert Ford Lincoln,covertlincoln.com,avinash.jha@spyne.ai,Studio Live,Austin,,Texas,United States,78759,GROUP_DEALER,FRANCHISE_DEALER,11514 Research Blvd,,"{""lat"":30.4126103,""lng"":-97.7467805}"
31502d235,32fb64ae3,Lincoln New,Covert Ford Lincoln,covertlincoln.com,avinash.jha@spyne.ai,Studio Live,Austin,,Texas,United States,78759,GROUP_DEALER,FRANCHISE_DEALER,11514 Research Blvd,,"{""lat"":30.4126103,""lng"":-97.7467805}"
eaf6035e2,32fb64ae3,Used-Lincoln&Ford,Covert Ford Lincoln,covertlincoln.com,avinash.jha@spyne.ai,Studio Live,Austin,,Texas,United States,78759,GROUP_DEALER,FRANCHISE_DEALER,11514 Research Blvd,,"{""lat"":30.4126103,""lng"":-97.7467805}"
33750bfabe,1f3ac9d93,Paulo R Marques,Crossroads Hyundai,,zeeshana.aijaz@spyne.ai,Studio Churned,Loveland,,Colorado,United States,80538,INDIVIDUAL_DEALER,FRANCHISE_DEALER,3870 Byrd Dr,,"{""lat"":40.4314221,""lng"":-104.9951041}"
93fec3a295,dea388e11,Curry Acura,Curry Acura,curryacura.com,ankur.batra@spyne.ai,Studio Live,Scarsdale,,New York,United States,10583,INDIVIDUAL_DEALER,FRANCHISE_DEALER,685 Central Park Avenue,,"{""lat"":40.9997353,""lng"":-73.8161302}"
bb3824a73a,12a0f97ce,Curry Chevrolet,Curry Chevrolet,currychevy.net,ankur.batra@spyne.ai,Studio Live,Scarsdale,,New York,United States,10583,GROUP_DEALER,FRANCHISE_DEALER,"728 Central Park Avenue, Scarsdale, New York 10583.",,"{""lat"":40.9976925,""lng"":-73.8163264}"
1b2dfc18-8,813371ee4,Dave Knapp Ford Lincoln,Dave Knapp Ford Lincoln,daveknappford.com,vishal.singh1@spyne.ai,Studio Live,Greenville,,Ohio,United States,45331,GROUP_DEALER,FRANCHISE_DEALER,500 Wagner Ave,,"{""lat"":40.115499,""lng"":-84.6224606}"
37af33a3c2,0303712a0,Dave Syverson CDJR,Dave Syverson Auto Center,davesyversonchryslerdodgejeep.com,jaspreet.kaur@spyne.ai,Studio Live,Albert Lea,,Minnesota,United States,56007,GROUP_DEALER,FRANCHISE_DEALER,2310 E Main St,,"{""lat"":43.6561671,""lng"":-93.3365984}"
9bc3b173a,12dd17590,Ford Supercenter,Davidson Auto Group,davidsonfordsupercenter.com,jaspreet.kaur@spyne.ai,Studio Live,Watertown,,New York,United States,13601,GROUP_DEALER,FRANCHISE_DEALER,18621 US Route 11,,"{""lat"":43.9243036,""lng"":-75.944054}"
229918da0,12dd17590,Ford of Clay,Davidson Auto Group,davidsonfordclay.com,jaspreet.kaur@spyne.ai,Studio Live,Liverpool,,New York,United States,13090,GROUP_DEALER,FRANCHISE_DEALER,3690 State Route 31,,"{""lat"":43.1811,""lng"":-76.2557407}"
e18da28ea,12dd17590,GM Supercenter,Davidson Auto Group,davidsongmsupercenter.com,jaspreet.kaur@spyne.ai,Studio Live,Watertown,,New York,United States,13601,GROUP_DEALER,FRANCHISE_DEALER,18579 US Route 11,,"{""lat"":43.9243036,""lng"":-75.944054}"
b99bfcb88,12dd17590,GM of Rome,Davidson Auto Group,davidsongmrome.com,jaspreet.kaur@spyne.ai,Studio Live,Rome,,New York,United States,13440,GROUP_DEALER,FRANCHISE_DEALER,5871 Rome-Taberg Rd,,"{""lat"":43.2325732,""lng"":-75.4971064}"
cf193ad51,12dd17590,Nissan_1,Davidson Auto Group,davidsonnissan.com,jaspreet.kaur@spyne.ai,Studio Live,Watertown,,New York,United States,13601,GROUP_DEALER,FRANCHISE_DEALER,18423 US Route 11,,"{""lat"":43.9243036,""lng"":-75.944054}"
319c027a3b,19a3cd61c,Davis Ford,Davis Ford,,,Studio Onboarding,Wayne,Wayne County,Nebraska,United States,68787,INDIVIDUAL_DEALER,INDEPENDENT_DEALER,"119, East 3rd Street",Wayne County,"{""lat"":42.2310684,""lng"":-97.0168898}"
54bd83712e,9a87bacd4,Dean Carter Chevrolet,Dean Carter Chevrolet,deancarterchevy.com,sanyam.tyagi@spyne.ai,Studio Live,Brodheadsville,,Pennsylvania,United States,18322,GROUP_DEALER,FRANCHISE_DEALER,1476 ROUTE 209,,"{""lat"":40.9167274,""lng"":-75.4187199}"
5975923a51,93f92de4e,Deery Brothers Ford,Deery Brothers Ford,deeryford.com,abhijeet.mitra@spyne.ai,Studio Live,Iowa City,Johnson County,Iowa,United States,52246,INDIVIDUAL_DEALER,FRANCHISE_DEALER,"2343, Mormon Trek Boulevard","Roosevelt, Johnson County","{""lat"":41.63612810000001,""lng"":-91.566486}"
3766b597a9,038f74046,Denver Auto,Denver Auto,mydenverauto.com,prathamesh.prashant@spyne.ai,Studio Live,Englewood,,Colorado,United States,80110,GROUP_DEALER,INDEPENDENT_DEALER,2397 W Dartmouth Ave,,"{""lat"":39.6605922,""lng"":-105.0156243}"
eaf729c40b,32edbe021,"Dick Dyer & Associates_Dentsville, South Carolina",Dick Dyer & Associates,dickdyervolvo.com,jaspreet.kaur@spyne.ai,Studio Live,Columbia,,South Carolina,United States,29223,INDIVIDUAL_DEALER,FRANCHISE_DEALER,5825 Two Notch Rd,,"{""lat"":34.0541506,""lng"":-80.9775294}"
5aa14c433,eb4f0c7af,Audi Wesley Chapel,Dimmitt Automotive Group,audiwesleychapel.com,ankur.batra@spyne.ai,Studio Live,Wesley chapel,,Florida,United States,33543,GROUP_DEALER,FRANCHISE_DEALER,2500 Lajuana Blvd,,"{""lat"":28.1939558,""lng"":-82.3386401}"
ce30fe9c9b,77ae840d7,Bentley Sarasota,Dimmitt Automotive Group,bentleysarasota.com,ankur.batra@spyne.ai,Studio Live,Sarasota,,Florida,United States,34236,GROUP_DEALER,FRANCHISE_DEALER,1518 State St,,"{""lat"":27.3355812,""lng"":-82.5401626}"
23c1f7e589,eb4f0c7af,Dimmitt Cadillac Clearwater_1,Dimmitt Automotive Group,dimmittcadillac.com,ankur.batra@spyne.ai,Studio Live,Clearwater,,Florida,United States,33763,GROUP_DEALER,FRANCHISE_DEALER,25191 US Hwy 19N,,"{""lat"":27.9658533,""lng"":-82.8001026}"
876eea68a,eb4f0c7af,Dimmitt Cadillac Clearwater_2,Dimmitt Automotive Group,dimmittcadillac.com,ankur.batra@spyne.ai,Studio Live,Clearwater,,Florida,United States,33763,GROUP_DEALER,FRANCHISE_DEALER,25191 US Hwy 19N,,"{""lat"":27.9658533,""lng"":-82.8001026}"
e65e60108,eb4f0c7af,Dimmitt Cadillac St. Petersburg,Dimmitt Automotive Group,dimmittcadillacstpete.com,ankur.batra@spyne.ai,Studio Live,Pinellas Park,,Florida,United States,33781,GROUP_DEALER,FRANCHISE_DEALER,3333 Gandy Blvd N Ste d,,"{""lat"":27.8445967,""lng"":-82.6790586}"
5ea8d0799,eb4f0c7af,Jaguar Land Rover Clearwater,Dimmitt Automotive Group,jaguarclearwater.com,ankur.batra@spyne.ai,Studio Live,Clearwater,,Florida,United States,33763,GROUP_DEALER,FRANCHISE_DEALER,25191 US Hwy 19 N D,,"{""lat"":27.9658533,""lng"":-82.8001026}"
f333e4c1d,eb4f0c7af,Ultra Lux-Rolls-Royce Motor Cars Tampa Bay,Dimmitt Automotive Group,rolls-roycemotorcarstampa.com,ankur.batra@spyne.ai,Studio Live,Pinellas Park,,Florida,United States,33781,GROUP_DEALER,FRANCHISE_DEALER,3255 Gandy Blvd.,,"{""lat"":27.8448748,""lng"":-82.6777081}"
9008e2268,eb4f0c7af,Village Cadillac,Dimmitt Automotive Group,villagecadillac.com,ankur.batra@spyne.ai,Studio Live,Homosassa,,Florida,United States,34448,GROUP_DEALER,FRANCHISE_DEALER,2431 US HWY 19,,"{""lat"":28.8269492,""lng"":-82.578239}"
5e5f8da90,45d091e8d,Direct Autos Orlando,Direct Auto,directautosalesorlando.com,vishal.singh1@spyne.ai,Studio Live,Orlando,,Florida,United States,32839,GROUP_DEALER,INDEPENDENT_DEALER,5654 S Orange Blossom Trl,,"{""lat"":28.477089,""lng"":-81.3967807}"
6efaf1b47e,4e6b7e961,Direct Auto Sales,Direct Auto Sales,directautopa.com,garvit.sharma@spyne.ai,Studio Live,Philadelphia,,Pennsylvania,United States,19114,INDIVIDUAL_DEALER,INDEPENDENT_DEALER,9240 James St.,,"{""lat"":40.0473865,""lng"":-74.9940984}"
3e868d8395,ce2c20eef,District Auto Group,District Auto Group,districtautogroup.com,prathamesh.prashant@spyne.ai,Studio Live,Temple Hills,Prince George's County,Maryland,United States,20748,INDIVIDUAL_DEALER,INDEPENDENT_DEALER,"4514, Saint Barnabas Road",Prince George's County,"{""lat"":38.8266683,""lng"":-76.9441185}"
49e965ed88,b54ebd649,"Columbus H, LLC (Dobbs Hyundai Of Columbus)","Dobbs Equity Partners, LLC",,abhijeet.mitra@spyne.ai,Studio Onboarding,Columbus,Northland District,OH,USA,43231,INDIVIDUAL_DEALER,FRANCHISE_DEALER,2900 Morse Road,2900 Morse Road,"{""lat"":39.9625112,""lng"":-83.0032218}"
6a28a92c7e,1291a4fc6,Dorsett Automotive Group,Dorsett Automotive,,abhijeet.mitra@spyne.ai,Studio Live,Terre Haute,Vigo County,Indiana,United States,47802,GROUP_DEALER,FRANCHISE_DEALER,"4421, South 1st Street","Honey Creek, Vigo County","{""lat"":39.4135021,""lng"":-87.41699349999999}"
6a28a92c7e,1291a4fc6,Dorsett Automotive Group,Dorsett Automotive,,abhijeet.mitra@spyne.ai,Vini Live,Terre Haute,Vigo County,Indiana,United States,47802,GROUP_DEALER,FRANCHISE_DEALER,"4421, South 1st Street","Honey Creek, Vigo County","{""lat"":39.4135021,""lng"":-87.41699349999999}"
ee95a66306,1291a4fc6,Dorsett Mitsubishi,Dorsett Automotive,dorsettmitsubishi.com,abhijeet.mitra@spyne.ai,Studio Live,Terre Haute,Vigo County,Indiana,United States,47802,GROUP_DEALER,FRANCHISE_DEALER,"4421, South 1st Street","Honey Creek, Vigo County","{""lat"":39.4135021,""lng"":-87.41699349999999}"
ee95a66306,1291a4fc6,Dorsett Mitsubishi,Dorsett Automotive,dorsettmitsubishi.com,abhijeet.mitra@spyne.ai,Vini Live,Terre Haute,Vigo County,Indiana,United States,47802,GROUP_DEALER,FRANCHISE_DEALER,"4421, South 1st Street","Honey Creek, Vigo County","{""lat"":39.4135021,""lng"":-87.41699349999999}"
ffedd36d2f,1291a4fc6,Dorsett Nissan,Dorsett Automotive,dorsettnissan.com,abhijeet.mitra@spyne.ai,Studio Live,Terre Haute,Vigo County,Indiana,United States,47802,GROUP_DEALER,FRANCHISE_DEALER,"105, West Mayfair Drive","Honey Creek, Vigo County","{""lat"":39.4144249,""lng"":-87.4171171}"
ffedd36d2f,1291a4fc6,Dorsett Nissan,Dorsett Automotive,dorsettnissan.com,abhijeet.mitra@spyne.ai,Vini Live,Terre Haute,Vigo County,Indiana,United States,47802,GROUP_DEALER,FRANCHISE_DEALER,"105, West Mayfair Drive","Honey Creek, Vigo County","{""lat"":39.4144249,""lng"":-87.4171171}"
7eb55c6e49,5d07b84f7,Dotcom Auto,Dotcom Auto,dotcomauto.net,manpreet.kaur@spyne.ai,Studio Churned,Leesburg,,Virginia,United States,20176,INDIVIDUAL_DEALER,INDEPENDENT_DEALER,911 Edwards Ferry Rd NE,,"{""lat"":39.1134997,""lng"":-77.5394594}"
2527b8294d,b73a70d16,Dream Automotive,Dream Automotive,dreamautomotive.com,jaspreet.kaur@spyne.ai,Studio Live,Lawrence,,Kansas,United States,66045,GROUP_DEALER,FRANCHISE_DEALER,1110 E 23rd St,,"{""lat"":38.9434838,""lng"":-95.2206775}"
7607d0e6f5,5b81be4b1,Dream Nissan Lawrence,Dream Automotive,,deepanshu.agarwal@spyne.ai,Vini Live,Laurel Hill Ave,,CT,USA,6937,GROUP_DEALER,FRANCHISE_DEALER,"431 Laurel Hill Ave #6937, Norwich, CT 06360, USA.","431 Laurel Hill Ave #6937, Norwich, CT 06360, USA.","{""lat"":38.9434596,""lng"":-95.220673}"
6730ea9132,5b81be4b1,Dream Nissan Legends,Dream Automotive,,deepanshu.agarwal@spyne.ai,Vini Live,Lawrence,,Kansas,USA,66046,INDIVIDUAL_DEALER,FRANCHISE_DEALER,"1110 E 23rd St, Lawrence, KS 66046, United States","1110 E 23rd St, Lawrence, KS 66046, United States","{""lat"":39.1272778,""lng"":-94.81191}"
3d3deabc98,5b81be4b1,Dream Nissan Midwest,Dream Automotive,dreamnissanmidwest.com,deepanshu.agarwal@spyne.ai,Vini Live,Lawrence,,Kansas,USA,66046,GROUP_DEALER,FRANCHISE_DEALER,"1110 E 23rd St, Lawrence, KS 66046, United States","1110 E 23rd St, Lawrence, KS 66046, United States","{""lat"":38.8587861,""lng"":-90.0667036}"
5fe5983ac5,691c6c716,Drivemax USA,Drivemax USA,drivemaxusa.com,prathamesh.prashant@spyne.ai,Studio Live,Woodbury,Nassau County,New York,United States,11797,INDIVIDUAL_DEALER,INDEPENDENT_DEALER,"760, Jericho Turnpike",Nassau County,"{""lat"":40.8164673,""lng"":-73.4640114}"
e08ec18b4f,9d4468871,Dutch Miller Kia Charlotte,Dutch Miller Kia Charlotte,dutchmillerclt.com,avinash.jha@spyne.ai,Studio Live,Charlotte,Mecklenburg County,North Carolina,United States,28273,INDIVIDUAL_DEALER,INDEPENDENT_DEALER,"7725, South Boulevard","Starmount Forest, Mecklenburg County","{""lat"":35.1294748,""lng"":-80.8753931}"
e08ec18b4f,9d4468871,Dutch Miller Kia Charlotte,Dutch Miller Kia Charlotte,dutchmillerclt.com,ritika.agarwal@spyne.ai,Vini Live,Charlotte,Mecklenburg County,North Carolina,United States,28273,INDIVIDUAL_DEALER,INDEPENDENT_DEALER,"7725, South Boulevard","Starmount Forest, Mecklenburg County","{""lat"":35.1294748,""lng"":-80.8753931}"
9a52efaad2,bb5007f65,Eagers Automotive,Eagers Automotive,,anuj.tewatia@spyne.ai,Studio Live,Penrose,"25 Greenpark Road, Penrose, Auckland",Auckland,New Zealand,1061,INDIVIDUAL_DEALER,INDEPENDENT_DEALER,25 Greenpark Road,25 Greenpark Road,"{""lat"":-36.91951299999999,""lng"":174.8198715}"
895be0752,1145eab0b,Eddie Gilstrap Ford,Eddie Gilstrap Motors,eddiegilstrapmotorsinc.com,vishal.singh1@spyne.ai,Studio Live,Easley,,South Carolina,United States,47167,GROUP_DEALER,FRANCHISE_DEALER,207 South Main Street,,"{""lat"":38.604317,""lng"":-86.100826}"
ce1f0aa1e3,c53b9eaab,Elway Powersports of Lincoln,Elway Powersport,,puneet.sharma@spyne.ai,Vini Live,Lincoln,Lancaster County,Nebraska,United States,68521,INDIVIDUAL_DEALER,FRANCHISE_DEALER,"6600, North 27th Street",Lancaster County,"{""lat"":40.87825790000001,""lng"":-96.68062}"
cb5d950847,c53b9eaab,John Elway Harley-Davidson,Elway Powersport,johnelwayhd.com,puneet.sharma@spyne.ai,Vini Live,Greeley,Weld County,Colorado,United States,80631,INDIVIDUAL_DEALER,FRANCHISE_DEALER,"3010, West 29th Street",Weld County,"{""lat"":40.3891491,""lng"":-104.7257475}"
9d6cd37b7f,e73a02036,Emerald Chevrolet,Emerald Chevrolet,emeraldchevrolet.com,vishal.singh1@spyne.ai,Studio Live,Audubon,,Iowa,United States,50025,INDIVIDUAL_DEALER,FRANCHISE_DEALER,349 N market st,,"{""lat"":41.7303672,""lng"":-94.9372662}"
3e8949e40b,81d94123f,Emerald Motors - Wholesale,Emerald Motors,,vishal.singh1@spyne.ai,Studio Churned,Blaine,,Washington,United States,98230,GROUP_DEALER,FRANCHISE_DEALER,8390 Portal Way,,"{""lat"":48.9468904,""lng"":-122.6847662}"
637877ba48,81d94123f,emerald motors,Emerald Motors,emeraldmotors365.com,vishal.singh1@spyne.ai,Studio Churned,Blaine,,Washington,United States,98230,GROUP_DEALER,FRANCHISE_DEALER,8390 Portal Way,,"{""lat"":48.9468904,""lng"":-122.6847662}"
507a5667c2,24e5c9f25,Envision Management Group,Envision Management Group,emgkars.com,garvit.sharma@spyne.ai,Studio Live,Riverside,,California,United States,92505,INDIVIDUAL_DEALER,INDEPENDENT_DEALER,"10834 Hole Ave, Riverside",,"{""lat"":33.9181517,""lng"":-117.4825843}"
84d1def4e,9720de6f2,Euro Dream Motors Inc,Euro Dream Motors Inc,eurodreammotors.com,manpreet.kaur@spyne.ai,Studio Churned,Pacoima,,California,United States,91331,INDIVIDUAL_DEALER,INDEPENDENT_DEALER,13261 Paxton Street,,"{""lat"":34.2770782,""lng"":-118.4216569}"
efea056e9,551513b58,Euro Motorcars Bethesda,Euro Motorcars,eurobethesdamercedes.com,ishika.arora@spyne.ai,Studio Live,Bethesda,,Maryland,United States,20814,INDIVIDUAL_DEALER,FRANCHISE_DEALER,Arlington Road,,"{""lat"":38.9794788,""lng"":-77.0985673}"
5e6250c025,f968f02c4,Event Motoring,Event Motoring,eventmotoring.com,garvit.sharma@spyne.ai,Studio Live,San Diego,,California,United States,92110,INDIVIDUAL_DEALER,INDEPENDENT_DEALER,4109 Sports Arena Blvd.,,"{""lat"":32.7559859,""lng"":-117.221567}"
2feb9a6fe,95668d72f,Expert Auto Group_1,Expert Auto Group,expertautogroup.net,garvit.sharma@spyne.ai,Studio Live,Pompano Beach,,Florida,United States,33064,INDIVIDUAL_DEALER,INDEPENDENT_DEALER,4301 N Dixie Hwy,,"{""lat"":26.284087,""lng"":-80.111367}"
56cbeb8b2e,22aab74a5,Extreme Cars US,Extreme Cars US,extremecarcenter.com,garvit.sharma@spyne.ai,Studio Live,Detroit,,Michigan,United States,48219,INDIVIDUAL_DEALER,INDEPENDENT_DEALER,17101 Telegraph R,,"{""lat"":42.3315509,""lng"":-83.0466403}"
f26f0fd9ba,3f7a97d96,Faricy Chrysler Jeep,Faircy Automotive,,ishika.arora@spyne.ai,Studio Live,Colorado Springs,El Paso County,Colorado,United States,80923,INDIVIDUAL_DEALER,FRANCHISE_DEALER,"4950, New Car Drive",El Paso County,"{""lat"":38.9392097,""lng"":-104.7362986}"
2d45884e8d,3f7a97d96,Faricy Kia,Faircy Automotive,,ishika.arora@spyne.ai,Studio Live,Colorado Springs,El Paso County,Colorado,United States,80920,INDIVIDUAL_DEALER,FRANCHISE_DEALER,"1560, Auto Mall Loop","Briargate, El Paso County","{""lat"":38.9540459,""lng"":-104.7965692}"
a9510db228,3f7a97d96,Faricy Salida,Faircy Automotive,,ishika.arora@spyne.ai,Studio Live,Salida,Chaffee County,Colorado,United States,81201,INDIVIDUAL_DEALER,FRANCHISE_DEALER,"931, U.S. 50",Chaffee County,"{""lat"":38.5235115,""lng"":-105.9920862}"
cd488dbbc3,d2fd1d321,Fast Energy Group,Fast Energy Group,aboveauto.net,garvit.sharma@spyne.ai,Studio Live,San Jose,,California,United States,94088,INDIVIDUAL_DEALER,INDEPENDENT_DEALER,3275 Stevens Creek Blvd,,"{""lat"":37.3231129,""lng"":-121.9547944}"
e9401d52e5,dbda6894a,Feldman Chevrolet of Novi,Feldman Chevrolet of Novi,,ankur.batra@spyne.ai,Studio Churned,Novi,,MI,USA,48375,GROUP_DEALER,FRANCHISE_DEALER,"42355 Grand River Ave, Novi, MI, United States, 48375","42355 Grand River Ave, Novi, MI, United States, 48375","{""lat"":42.4777417,""lng"":-83.4647719}"
e9401d52e5,dbda6894a,Feldman Chevrolet of Novi,Feldman Chevrolet of Novi,,jagrit@spyne.ai,Vini Churned,Novi,,MI,USA,48375,GROUP_DEALER,FRANCHISE_DEALER,"42355 Grand River Ave, Novi, MI, United States, 48375","42355 Grand River Ave, Novi, MI, United States, 48375","{""lat"":42.4777417,""lng"":-83.4647719}"
09a20b81a4,dbda6894a,Feldman Kia of Novi,Feldman Chevrolet of Novi,,ankur.batra@spyne.ai,Studio Churned,Novi,,MI,USA,48375,GROUP_DEALER,FRANCHISE_DEALER,"42355 Grand River Ave, Novi, MI, United States, 48375","42355 Grand River Ave, Novi, MI, United States, 48375","{""lat"":42.4774769,""lng"":-83.4634799}"
09a20b81a4,dbda6894a,Feldman Kia of Novi,Feldman Chevrolet of Novi,,jagrit@spyne.ai,Vini Churned,Novi,,MI,USA,48375,GROUP_DEALER,FRANCHISE_DEALER,"42355 Grand River Ave, Novi, MI, United States, 48375","42355 Grand River Ave, Novi, MI, United States, 48375","{""lat"":42.4774769,""lng"":-83.4634799}"
5480771b21,06e65fbde,Feldmann Imports Mercedes-Benz,"Feldmann Imports, Inc.",,ankur.batra@spyne.ai,Studio Live,Bloomington,,MN,United States,55437,INDIVIDUAL_DEALER,FRANCHISE_DEALER,4901 American Blvd W,4901 American Blvd W,"{""lat"":44.8576915,""lng"":-93.3437717}"
5480771b21,06e65fbde,Feldmann Imports Mercedes-Benz,"Feldmann Imports, Inc.",,tushar.srivastava@spyne.ai,Vini Live,Bloomington,,MN,United States,55437,INDIVIDUAL_DEALER,FRANCHISE_DEALER,4901 American Blvd W,4901 American Blvd W,"{""lat"":44.8576915,""lng"":-93.3437717}"
cbd41c6837,ede7667d0,Fife RV Center,Fife RV Center,,,Vini Onboarding,Fife,Pierce County,Washington,United States,98424,INDIVIDUAL_DEALER,INDEPENDENT_DEALER,"3410, Pacific Highway East",Pierce County,"{""lat"":47.2419153,""lng"":-122.3818308}"
c127b63364,f6723848f,Finn's Discount Auto,Finn's Discount Auto,finnsdiscountauto.com,garvit.sharma@spyne.ai,Studio Live,Alameda Ave El Paso,,Texas,United States,79915,INDIVIDUAL_DEALER,INDEPENDENT_DEALER,7352,,"{""lat"":31.7432976,""lng"":-106.3802833}"
d66aecbd0,e76205faf,13565,First Class Auto Sales LLC,firstclassautosales.com,manpreet.kaur@spyne.ai,Studio Churned,Goodlettsville,,Tennessee,United States,37072,GROUP_DEALER,INDEPENDENT_DEALER,1228 South Dickerson Rd.,,"{""lat"":36.2922898,""lng"":-86.7333655}"
e9d52de4d6,fc635b10e,FlexRide,FlexRide,flexride.io,garvit.sharma@spyne.ai,Studio Live,Herndon,Fairfax County,Virginia,United States,20171,INDIVIDUAL_DEALER,INDEPENDENT_DEALER,"13873, Park Center Road",Ste 15,"{""lat"":38.934476,""lng"":-77.4285661}"
a84fcaca83,68fe4f5eb,Flexcar,Flexcar,flexcar.com,ankur.batra@spyne.ai,Studio Live,Boston,,Massachusetts (MA),United States,2109,CAR_RENTAL_LEASING,,60 State Street,,"{""lat"":42.3594198,""lng"":-71.1965098}"
cfaf24a1c,e2ea1524e,Flood Ford Rhode island,Flood Auto Group,floodlincolnofnarragansett.com,jaspreet.kaur@spyne.ai,Studio Live,East Greenwich,,Rhode Island,United States,2818,GROUP_DEALER,FRANCHISE_DEALER,2545 South County Trail,,"{""lat"":41.6283094,""lng"":-71.4938719}"
8deacd884,e2ea1524e,Flood Lincoln Rhode island,Flood Auto Group,floodlincolnofnarragansett.com,jaspreet.kaur@spyne.ai,Studio Live,Narragansett,,Rhode Island,United States,2882,GROUP_DEALER,FRANCHISE_DEALER,"21–25 Woodruff Avenue, Narragansett",,"{""lat"":41.4308323,""lng"":-71.4811397}"
7f1ae55209,08452f559,Forrester Lincoln,Forrester Lincoln,forresterlincoln.com,rupesh.rawat@spyne.ai,Studio Live,East Chambersburg,,Pennsylvania,United States,17201,INDIVIDUAL_DEALER,FRANCHISE_DEALER,832 Lincoln Way,,"{""lat"":39.9320752,""lng"":-77.6458371}"
4d7dd8fa14,6a10d4a7d,Freedom Chevrolet,Freedom Chevrolet,freedomchevroletauto.com,sanyam.tyagi@spyne.ai,Studio Live,Fort Montgomery,,New York,United States,10922,INDIVIDUAL_DEALER,FRANCHISE_DEALER,"1018 US-9W, Fort Montgomery, NY",,"{""lat"":41.3366743,""lng"":-73.9814138}"
bbfd0e9aff,4cef6be81,Frontier Auto Sales,Frontier Auto Sales and Service,aplusautofl.com,prathamesh.prashant@spyne.ai,Studio Live,Jonestown,Lebanon County,Pennsylvania,United States,17038,INDIVIDUAL_DEALER,INDEPENDENT_DEALER,"2575, Pennsylvania 72",Lebanon County,"{""lat"":40.4210766,""lng"":-76.4995158}"
0ef4d59afd,da6f191a7,G town motors,G Town Motors,gtownmotors.com,prathamesh.prashant@spyne.ai,Studio Live,Grandview,Yakima County,Washington,United States,98930,INDIVIDUAL_DEALER,INDEPENDENT_DEALER,"226, Wine Country Road",Yakima County,"{""lat"":46.25568304942303,""lng"":-119.90435532192762}"
0bb1c479df,dbaa074cf,GMTI Auto,GMTI AUTOS,gmtiauto.com,vishal.singh1@spyne.ai,Studio Live,Fort Lauderdale,,Florida,United States,33301,INDIVIDUAL_DEALER,INDEPENDENT_DEALER,"110 E Broward Blvd, Suite 1700",,"{""lat"":26.1218438,""lng"":-80.1416229}"
38c3685ac9,203575705,Gateway GMC,Gateway GMC,gatewaygmc.com,sanyam.tyagi@spyne.ai,Studio Live,Dallas,Dallas County,Texas,United States,75238,INDIVIDUAL_DEALER,INDEPENDENT_DEALER,"11438, Lyndon B Johnson Freeway",Dallas County,"{""lat"":32.8719475,""lng"":-96.6822339}"
2919e4c25,b5495fced,Gene Langley Ford_2,Gene Langley Ford,genelangleyford.com,vishal.singh1@spyne.ai,Studio Churned,Humboldt,,Tennessee,United States,38343,INDIVIDUAL_DEALER,FRANCHISE_DEALER,3500 Eastend Dr,,"{""lat"":35.8379865,""lng"":-88.8918659}"
95b9f2cc74,6b2eafec9,Bridgewater Kia,Generation Nissan,bridgewaterkia.com,jaspreet.kaur@spyne.ai,Studio Live,Bridgewater,,New Jersey,United States,8807,INDIVIDUAL_DEALER,FRANCHISE_DEALER,300 Finderne Ave,,"{""lat"":40.575175,""lng"":-74.573626}"
3b324c497a,6b2eafec9,Bridgewater Nissan,Generation Nissan,bridgewaternissan.com,jaspreet.kaur@spyne.ai,Studio Live,North Plainfield,,New Jersey,United States,7060,INDIVIDUAL_DEALER,FRANCHISE_DEALER,545 Route 22 West,,"{""lat"":40.6305597,""lng"":-74.4334308}"
572e11c79,fa07d6b63,"Marietta, GA",Georgia Auto World,gaautoworld.com,jaspreet.kaur@spyne.ai,Studio Live,Marietta,,Georgia,United States,30062,INDIVIDUAL_DEALER,INDEPENDENT_DEALER,1616 Roswell Rd,,"{""lat"":33.953397,""lng"":-84.504931}"
da4142d13,fa07d6b63,"Woodstock, GA",Georgia Auto World,gaautoworld.com,jaspreet.kaur@spyne.ai,Studio Live,Marietta,,Georgia,United States,30062,INDIVIDUAL_DEALER,INDEPENDENT_DEALER,1616 Roswell Rd,,"{""lat"":33.953397,""lng"":-84.504931}"
d7db3edb14,008bd89e8,Ford.,"Germain of Beavercreek I, LLC dba Germain Ford of",,jaspreet.kaur@spyne.ai,Studio Live,Dayton,Greene County,Ohio,United States,45434,GROUP_DEALER,FRANCHISE_DEALER,"2356, Heller Drive","Alpha, Greene County","{""lat"":39.7084753,""lng"":-84.0233124}"
8a095f78bf,008bd89e8,Honda.,"Germain of Beavercreek I, LLC dba Germain Ford of",germainfordofbeavercreek.com,jaspreet.kaur@spyne.ai,Studio Live,Beavercreek Township,Greene County,Ohio,United States,45434,GROUP_DEALER,FRANCHISE_DEALER,"2300, Heller Drive","Alpha, Greene County","{""lat"":39.7080315,""lng"":-84.020952}"
e110137858,341547218,Cars,Ghost Auto Werkz,ghostautowerkz.com,manpreet.kaur@spyne.ai,Studio Live,Northbrook,,Illinois,United States,60062,INDIVIDUAL_DEALER,INDEPENDENT_DEALER,1859 Janke Dr,,"{""lat"":42.1137395,""lng"":-87.8260775}"
bd7de0d235,b66d66345,Auto Warehouse Brighton,Giant Auto Warehouse,,puneet.sharma@spyne.ai,Studio Live,Brighton,Adams County,Colorado,United States,80601,INDIVIDUAL_DEALER,INDEPENDENT_DEALER,"240, West Jessup Street",Adams County,"{""lat"":39.9772196,""lng"":-104.8256635}"
bd7de0d235,b66d66345,Auto Warehouse Brighton,Giant Auto Warehouse,,puneet.sharma@spyne.ai,Vini Live,Brighton,Adams County,Colorado,United States,80601,INDIVIDUAL_DEALER,INDEPENDENT_DEALER,"240, West Jessup Street",Adams County,"{""lat"":39.9772196,""lng"":-104.8256635}"
8725c2e0ac,b66d66345,Auto Warehouse Fort Collins,Giant Auto Warehouse,,puneet.sharma@spyne.ai,Studio Live,Fort Collins,Larimer County,Colorado,United States,80524,INDIVIDUAL_DEALER,INDEPENDENT_DEALER,"2019, North College Avenue",Larimer County,"{""lat"":40.614849,""lng"":-105.0771828}"
8725c2e0ac,b66d66345,Auto Warehouse Fort Collins,Giant Auto Warehouse,,puneet.sharma@spyne.ai,Vini Live,Fort Collins,Larimer County,Colorado,United States,80524,INDIVIDUAL_DEALER,INDEPENDENT_DEALER,"2019, North College Avenue",Larimer County,"{""lat"":40.614849,""lng"":-105.0771828}"
ac807cdb-0,1c4421fe5,Glass Capital CDJR_2,Glass Capital CDJR,glasscapitalmotors.com,sanyam.tyagi@spyne.ai,Studio Live,Dunkirk,,Indiana,United States,47336,INDIVIDUAL_DEALER,FRANCHISE_DEALER,127 East Commerce Street,,"{""lat"":40.3740301,""lng"":-85.2100686}"
2c3b232004,bb1d04fd0,Graff Chevrolet GMC of Michigan City,Graff Auto Campus,graffmichigancity.com,ankur.batra@spyne.ai,Studio Live,Michigan City,LaPorte County,Indiana,United States,46360,INDIVIDUAL_DEALER,FRANCHISE_DEALER,"9911, West 300 North",LaPorte County,"{""lat"":41.6523387,""lng"":-86.8919452}"
53cf513547,bb1d04fd0,Graff Chevrolet of Chesterton,Graff Auto Campus,graffchevroletchesterton.com,ankur.batra@spyne.ai,Studio Live,Burns Harbor,Porter County,Indiana,United States,46304,INDIVIDUAL_DEALER,FRANCHISE_DEALER,"239, Melton Road",Porter County,"{""lat"":41.6059188,""lng"":-87.1119995}"
627e5a9c74,bb1d04fd0,Graff Ford Of Chesterton,Graff Auto Campus,grafffordchesterton.com,ankur.batra@spyne.ai,Studio Live,Chesterton,,Indiana,United States,46304,GROUP_DEALER,FRANCHISE_DEALER,234 Melton Rd,,"{""lat"":41.6035953,""lng"":-87.1136172}"
793b0bcb12,bb1d04fd0,Graff Kia of Chesterton,Graff Auto Campus,graffkiachesterton.com,ankur.batra@spyne.ai,Studio Live,Burns Harbor,Porter County,Indiana,United States,46304,INDIVIDUAL_DEALER,FRANCHISE_DEALER,"241, Melton Road",Porter County,"{""lat"":41.6051401,""lng"":-87.1134443}"
35dc122404,bb1d04fd0,Graff Toyota of Chesterton,Graff Auto Campus,grafftoyotachesterton.com,ankur.batra@spyne.ai,Studio Live,Burns Harbor,,Indiana,United States,46304,GROUP_DEALER,FRANCHISE_DEALER,"244 Melton Rd, Building A",,"{""lat"":41.6029946,""lng"":-87.1154371}"
34ddfad075,aec6e372f,Autoplex Atlanta,Grand Motorcars,autoplexatl.com,ritika.agarwal@spyne.ai,Studio Live,Alpharetta,,Georgia (GA),Americas,30009,INDIVIDUAL_DEALER,INDEPENDENT_DEALER,11605 Haynes Bridge Road,11605 Haynes Bridge Road,"{""lat"":33.9608307,""lng"":-84.1209499}"
34ddfad075,aec6e372f,Autoplex Atlanta,Grand Motorcars,autoplexatl.com,ritika.agarwal@spyne.ai,Vini Live,Alpharetta,,Georgia (GA),Americas,30009,INDIVIDUAL_DEALER,INDEPENDENT_DEALER,11605 Haynes Bridge Road,11605 Haynes Bridge Road,"{""lat"":33.9608307,""lng"":-84.1209499}"
a5c07ee7d2,aec6e372f,Hyundai of Canton,Grand Motorcars,,ritika.agarwal@spyne.ai,Studio Live,Alpharetta,,Georgia (GA),Americas,30009,INDIVIDUAL_DEALER,FRANCHISE_DEALER,11605 Haynes Bridge Road,11605 Haynes Bridge Road,"{""lat"":34.2644965,""lng"":-84.4648447}"
a5c07ee7d2,aec6e372f,Hyundai of Canton,Grand Motorcars,,ritika.agarwal@spyne.ai,Vini Live,Alpharetta,,Georgia (GA),Americas,30009,INDIVIDUAL_DEALER,FRANCHISE_DEALER,11605 Haynes Bridge Road,11605 Haynes Bridge Road,"{""lat"":34.2644965,""lng"":-84.4648447}"
e77e634f8f,a51dd1815,Genesis Of Columbus_2,Great Lakes Auto Group,glakeshyundaiofdublin.com,abhijeet.mitra@spyne.ai,Studio Live,Columbus,,Ohio,United States,43231,GROUP_DEALER,FRANCHISE_DEALER,2850 Morse Rd,,"{""lat"":40.0590895,""lng"":-82.9421085}"
95f0536f2e,a51dd1815,Great Lakes Hyundai of Columbus,Great Lakes Auto Group,glakeshyundaiofcolumbus.com,abhijeet.mitra@spyne.ai,Studio Live,Columbus,,Ohio,United States,43231,GROUP_DEALER,FRANCHISE_DEALER,2900 Morse Rd,,"{""lat"":40.058892,""lng"":-82.937249}"
883855c987,a51dd1815,Great Lakes Hyundai of Dublin,Great Lakes Auto Group,glakeshyundaiofdublin.com,abhijeet.mitra@spyne.ai,Studio Live,Columbus,,Ohio,United States,43235,GROUP_DEALER,FRANCHISE_DEALER,2441 Billingsley Rd,,"{""lat"":40.112198,""lng"":-83.079828}"
883855c987,a51dd1815,Great Lakes Hyundai of Dublin,Great Lakes Auto Group,glakeshyundaiofdublin.com,abhijeet.mitra@spyne.ai,Vini Live,Columbus,,Ohio,United States,43235,GROUP_DEALER,FRANCHISE_DEALER,2441 Billingsley Rd,,"{""lat"":40.112198,""lng"":-83.079828}"
bccb3412cb,5ab683aff,Greater Chicago Motors,Greater Chicago Motors,greaterchicagomotors.com,manpreet.kaur@spyne.ai,Studio Churned,Charles,,Illinois,United States,60174,INDIVIDUAL_DEALER,INDEPENDENT_DEALER,333 N Randall rd St.,,"{""lat"":41.9182572,""lng"":-88.3403441}"
b8849377-d,5e7752556,CDJR_3,Greenville Automotive Group,cdjrgreenville.com,abhijeet.mitra@spyne.ai,Studio Live,Greenville,,Alabama,United States,36037,GROUP_DEALER,FRANCHISE_DEALER,230 Interstate Drive,,"{""lat"":31.8525576,""lng"":-86.6411629}"
a412ee281a,5e7752556,Chevrolet,Greenville Automotive Group,cdjrgreenville.com,abhijeet.mitra@spyne.ai,Studio Live,Greenville,,Alabama,United States,36037,GROUP_DEALER,FRANCHISE_DEALER,230 Interstate Drive,,"{""lat"":31.8525576,""lng"":-86.6411629}"
e5689966a,0933d658a,CDJR Rome,Greenway Automotive Group,greenwaycdjrofrome.com,avinash.jha@spyne.ai,Studio Live,Rome,,Georgia,United States,30161,GROUP_DEALER,FRANCHISE_DEALER,2500 New Calhoun Hwy NE,,"{""lat"":34.278754,""lng"":-85.144508}"
b84a5573f,0933d658a,CDJR_Anniston,Greenway Automotive Group,greenwaycdjrofanniston.com,avinash.jha@spyne.ai,Studio Live,Anniston,,Alabama,United States,36201,GROUP_DEALER,FRANCHISE_DEALER,1229 S Quintard Ave,,"{""lat"":33.6321907,""lng"":-85.8259348}"
93ea6e96e,0933d658a,Fiat_Orlando,Greenway Automotive Group,alfaromeousaofeastorlando.com,avinash.jha@spyne.ai,Studio Live,Orlando,,Florida,United States,32817,GROUP_DEALER,FRANCHISE_DEALER,"9103 E Colonial Dr, FL 32817",,"{""lat"":28.5700656,""lng"":-81.2660765}"
0362233a-a,0933d658a,Frisco CDJR,Greenway Automotive Group,friscochryslerjeepdodgeram.com,avinash.jha@spyne.ai,Studio Live,Frisco,,Texas,United States,75035,GROUP_DEALER,FRANCHISE_DEALER,9640 State Hwy 121,,"{""lat"":33.1008564,""lng"":-96.8003782}"
2c6b4ff8d,0933d658a,Greenway Kia of Franklin,Greenway Automotive Group,greenwaykiahickoryhollow.com,avinash.jha@spyne.ai,Studio Live,Franklin,,Tennessee,United States,37067,GROUP_DEALER,FRANCHISE_DEALER,1413 Murfreesboro Rd,,"{""lat"":35.9139371,""lng"":-86.8231593}"
7e077b192,0933d658a,Greenway_Ford_KC,Greenway Automotive Group,greenwayfordkc.com,avinash.jha@spyne.ai,Studio Live,Raytown,,Missouri,United States,64133,GROUP_DEALER,FRANCHISE_DEALER,9505 E 350 Hwy,,"{""lat"":39.0089226,""lng"":-94.4622103}"
838c5b432,0933d658a,Greenway_Mz,Greenway Automotive Group,greenwaymazda.com,avinash.jha@spyne.ai,Studio Live,Houston,,Texas,United States,77074,GROUP_DEALER,FRANCHISE_DEALER,9951 Southwest Fwy,,"{""lat"":29.6718435,""lng"":-95.544897}"
6839f8204,0933d658a,Hyundai Orlando,Greenway Automotive Group,greenwayhyundaiorlando.com,avinash.jha@spyne.ai,Studio Live,Orlando,,Florida,United States,32808,GROUP_DEALER,FRANCHISE_DEALER,4110 W Colonial Dr,,"{""lat"":28.5512248,""lng"":-81.4309799}"
5e85e5230,0933d658a,Hyundai of Decatur,Greenway Automotive Group,greenwayhyundaiofdecatur.com,avinash.jha@spyne.ai,Studio Live,Decatur,,Alabama,United States,35601,GROUP_DEALER,FRANCHISE_DEALER,1211 Beltline Rd SW,,"{""lat"":34.5602173,""lng"":-87.00122}"
9eaa9adb2,0933d658a,Kia Orlando East,Greenway Automotive Group,greenwaykiaeast.com,avinash.jha@spyne.ai,Studio Live,Orlando,,Florida,United States,32817,GROUP_DEALER,FRANCHISE_DEALER,8701 East Colonial Drive,,"{""lat"":28.5681803,""lng"":-81.2692681}"
30c6d64c0,0933d658a,Kia Orlando North,Greenway Automotive Group,greenwaykianorth.com,avinash.jha@spyne.ai,Studio Live,Longwood,,Florida,United States,32750,GROUP_DEALER,FRANCHISE_DEALER,625 N US Hwy 17 92 •,,"{""lat"":28.7015275,""lng"":-81.3452277}"
4d780d8d8,0933d658a,Kia Orlando West,Greenway Automotive Group,greenwaykiawest.com,avinash.jha@spyne.ai,Studio Live,Orlando,,Florida,United States,32808,GROUP_DEALER,FRANCHISE_DEALER,3407 W Colonial Dr,,"{""lat"":28.552959,""lng"":-81.4186468}"
4eb7dcf3e,0933d658a,Kia at West Palm Beach,Greenway Automotive Group,greenwaykiawestpalmbeach.com,avinash.jha@spyne.ai,Studio Live,West Palm Beach,,Florida,United States,33415,GROUP_DEALER,FRANCHISE_DEALER,735 S Military Trl Ste c,,"{""lat"":26.6672154,""lng"":-80.1126897}"
47fb4600d,0933d658a,Kia at the Avenues,Greenway Automotive Group,greenwaykiaattheavenues.com,avinash.jha@spyne.ai,Studio Live,Jacksonville,,Florida,United States,32256,GROUP_DEALER,FRANCHISE_DEALER,10564 Philips Hwy,,"{""lat"":30.1768514,""lng"":-81.5511064}"
26a2939b1,0933d658a,Kia of Kickory Hollow,Greenway Automotive Group,greenwaykiahickoryhollow.com,avinash.jha@spyne.ai,Studio Live,Antioch,,Tennessee,United States,37013,GROUP_DEALER,FRANCHISE_DEALER,5406 Target Dr,,"{""lat"":36.0441941,""lng"":-86.6596824}"
992b282f0,0933d658a,Kia of Rivergate,Greenway Automotive Group,greenwaykiarivergate.com,avinash.jha@spyne.ai,Studio Live,Madison,,Tennessee,United States,37115,GROUP_DEALER,FRANCHISE_DEALER,1536 Gallatin Pike N,,"{""lat"":36.2882698,""lng"":-86.7048436}"
63d97eef7,0933d658a,Kia_River_Chase,Greenway Automotive Group,greenwaykiariverchase.com,avinash.jha@spyne.ai,Studio Live,Pelham,,Alabama,United States,35124,GROUP_DEALER,FRANCHISE_DEALER,2200 Highway 31 South,,"{""lat"":33.3367979,""lng"":-86.7930479}"
0a3d26b1a,0933d658a,Laredo,Greenway Automotive Group,laredochryslerdodgejeep.com,avinash.jha@spyne.ai,Studio Live,Laredo,,Texas,United States,78041,GROUP_DEALER,FRANCHISE_DEALER,6320 Bob Bullock Loop,,"{""lat"":27.5541967,""lng"":-99.4508024}"
a9c2e984a,0933d658a,Nissan_Brunswick,Greenway Automotive Group,greenwaynissanbrunswick.com,avinash.jha@spyne.ai,Studio Live,Brunswick,,Georgia,United States,31525,GROUP_DEALER,FRANCHISE_DEALER,231 Chapel Crossing Rd,,"{""lat"":31.2262155,""lng"":-81.4948545}"
f6dcace8-f,0933d658a,Opleika Ford/CDJR_2,Greenway Automotive Group,opelikafordchrysler.com,avinash.jha@spyne.ai,Studio Live,Opelika,,Alabama,United States,36801,GROUP_DEALER,FRANCHISE_DEALER,801 Columbus Pkwy,,"{""lat"":32.6427484,""lng"":-85.3575093}"
06ef9a829,0933d658a,Sunland_CD,Greenway Automotive Group,sunlandparkjeepchryslerdodgeram.net,avinash.jha@spyne.ai,Studio Live,El Paso,,Texas,United States,79922,GROUP_DEALER,FRANCHISE_DEALER,950 Crockett St.,,"{""lat"":31.8112828,""lng"":-106.5474323}"
220f3dc6-3,0933d658a,Team One Nissan,Greenway Automotive Group,nissanofalbertville.net,avinash.jha@spyne.ai,Studio Live,Albertville,,Alabama,United States,35950,GROUP_DEALER,FRANCHISE_DEALER,9736 US-431,,"{""lat"":34.2891054,""lng"":-86.2411551}"
c04679541,0933d658a,University_KIA,Greenway Automotive Group,universitykia.com,avinash.jha@spyne.ai,Studio Live,Huntsville,,Alabama,United States,35806,GROUP_DEALER,FRANCHISE_DEALER,6519 University Dr NW,,"{""lat"":34.7481232,""lng"":-86.691695}"
615e67d78,0933d658a,Winter_Haven_Honda,Greenway Automotive Group,winterhavenhonda.com,avinash.jha@spyne.ai,Studio Live,Winter Haven,,Florida,United States,33884,GROUP_DEALER,FRANCHISE_DEALER,6395 Cypress Gardens Blvd,,"{""lat"":27.9785558,""lng"":-81.6581705}"
463aec6f3,765c2c7bd,Groton Ford,Groton Ford,grotonford.com,vishal.singh1@spyne.ai,Studio Live,Groton,,South Dakota,United States,57445,INDIVIDUAL_DEALER,FRANCHISE_DEALER,1320 North Broadway Street,,"{""lat"":45.4589151,""lng"":-98.1042742}"
ce0ed7c37,414beed75,Gwatney Buick GMC_2,Gwatney Buick GMC,gwatneybuickgmc.com,sanyam.tyagi@spyne.ai,Studio Live,North Little Rock,,Arkansas,United States,72117,INDIVIDUAL_DEALER,FRANCHISE_DEALER,5700 LANDERS RD,,"{""lat"":34.7845233,""lng"":-92.225816}"
1b0eeb01f7,2b86e64ed,H&K Chevrolet Inc.,H&K Chevrolet Family Auto,,ishika.arora@spyne.ai,Studio Live,Continental,,Ohio,United States,45831,GROUP_DEALER,FRANCHISE_DEALER,200 South Main Street Continental,,"{""lat"":41.0951146,""lng"":-84.2659004}"
21f4b16dda,2b86e64ed,H&K Chevrolet of Archbold Inc.,H&K Chevrolet Family Auto,,ishika.arora@spyne.ai,Studio Live,Archbold,,Ohio,United States,43502,GROUP_DEALER,FRANCHISE_DEALER,314 N Defiance St,,"{""lat"":41.5237949,""lng"":-84.3062084}"
4cfd979fa2,2b86e64ed,H&K Chevrolet of New Haven,H&K Chevrolet Family Auto,hkchevyofnewhaven.com,ishika.arora@spyne.ai,Studio Live,New Haven,,Indiana,United States,46774,GROUP_DEALER,FRANCHISE_DEALER,624 State Route 930 E,,"{""lat"":41.0733059,""lng"":-85.0173125}"
9fe63f83f6,4aeb4b2aa,HNH MOTORS LLC,HNH MOTORS LLC,hnhmotorsllc.com,garvit.sharma@spyne.ai,Studio Live,LUTZ,,Florida,United States,33549,INDIVIDUAL_DEALER,INDEPENDENT_DEALER,17618 N US HIGHWAY 41,,"{""lat"":28.1511243,""lng"":-82.4614831}"
32925e70-a,9f9d43dd0,Haldeman Lexus of Princeton,Haldeman Lexus of Princeton,haldemanlexusofprinceton.com,ishika.arora@spyne.ai,Studio Live,Lawrenceville,,New Jersey,United States,8648,GROUP_DEALER,FRANCHISE_DEALER,"2630 Brunswick Pike, Lawrenceville",,"{""lat"":40.2624577,""lng"":-74.719746}"
f6be2eb096,c1056a1e2,Hammond Great Yarmouth,Hammond Cars,,anuj.tewatia@spyne.co.in,Studio Live,Great Yarmouth,Great Yarmouth,Norfolk,United Kingdom,NR30 1QB,INDIVIDUAL_DEALER,INDEPENDENT_DEALER,Ormond Rd,Ormond Rd,"{""lat"":52.598233,""lng"":1.728047}"
cd6408f1e6,c1056a1e2,Hammond Ipswich,Hammond Cars,,anuj.tewatia@spyne.co.in,Studio Live,Great Yarmouth,Ipswich,Norfolk,United Kingdom,IP1 5QL,INDIVIDUAL_DEALER,INDEPENDENT_DEALER,Ormond Rd,Ormond Rd,"{""lat"":52.598233,""lng"":1.728047}"
36418e973d,c1056a1e2,Hammond Norwich,Hammond Cars,,anuj.tewatia@spyne.co.in,Studio Live,Great Yarmouth,Norwich,Norfolk,United Kingdom,NR5 0JS,INDIVIDUAL_DEALER,INDEPENDENT_DEALER,Ormond Rd,Ormond Rd,"{""lat"":37.7749,""lng"":-122.4194}"
229af1e674,c1056a1e2,hammond cars,Hammond Cars,,anuj.tewatia@spyne.co.in,Studio Onboarding,Great Yarmouth,New Costessey,Norfolk,United Kingdom,NR5 0JS,INDIVIDUAL_DEALER,INDEPENDENT_DEALER,Ormond Rd,Ormond Rd,"{""lat"":37.7749,""lng"":-122.4194}"
580db634-7,eccade830,Harper Chevrolet GMC,Harper Chevrolet GMC,harperminden.com,vishal.singh1@spyne.ai,Studio Live,Minden,,Louisiana,United States,71055,INDIVIDUAL_DEALER,FRANCHISE_DEALER,200 Hwy 531,,"{""lat"":32.6237141,""lng"":-93.2528951}"
86e41a3259,88b77af86,Harvest auto Family,Harvest Auto Family,driveharvest.com,garvit.sharma@spyne.ai,Studio Live,wahoo,,Nebraska,United States,68066,INDIVIDUAL_DEALER,INDEPENDENT_DEALER,3214 Ponderosa Street,,"{""lat"":41.2365972,""lng"":-96.6006575}"
5b2f97c04b,b544eb5bf,Hatimi Auto LLC,Hatimi Auto LLC,hatimiauto.com,prathamesh.prashant@spyne.ai,Studio Live,Buda,,Texas,United States,78610,INDIVIDUAL_DEALER,INDEPENDENT_DEALER,1220 Satterwhite rd,,"{""lat"":30.0593983,""lng"":-97.8034251}"
1617996a0,ad0b45242,Hawaii Car,Hawaii Car,,prathamesh.prashant@spyne.ai,Studio Churned,Kailua Kona,,Hawaii,United States,96740,INDIVIDUAL_DEALER,INDEPENDENT_DEALER,"75-5721, Kuakini Hwy",,"{""lat"":19.6399047,""lng"":-155.9936791}"
b64512c6-8,20bde9997,Hawthorne Auto Square_2,Hawthorne Auto Square,hawthorneautosquare.com,vishal.singh1@spyne.ai,Studio Live,Hawthorne,,California,United States,90250,INDIVIDUAL_DEALER,INDEPENDENT_DEALER,11646 Prairie Ave,,"{""lat"":33.9277527,""lng"":-118.3437786}"
b7184697be,178e04bf2,Heiser Chevrolet of West Allis,Heiser Chevrolet Inc,,ritika.agarwal@spyne.ai,Vini Live,West Allis,Milwaukee County,Wisconsin,United States,53227,INDIVIDUAL_DEALER,FRANCHISE_DEALER,"10200, West Arthur Avenue",Milwaukee County,"{""lat"":42.999933,""lng"":-88.0428697}"
6254529f-c,3.70E+08,Hershey Motors,Hershey Motors,hersheymotors.com,manpreet.kaur@spyne.ai,Studio Live,Parkesburg,,Pennsylvania,United States,19365,INDIVIDUAL_DEALER,INDEPENDENT_DEALER,3370 E Lincoln Hwy,,"{""lat"":39.9828831,""lng"":-75.9343375}"
7ca4883ca,a0006315a,Chevrolet Buick Texas,"Hewlett Volkswagen, LP",hewlettvw.com,jaspreet.kaur@spyne.ai,Studio Live,Georgetown,,Texas,United States,78626,INDIVIDUAL_DEALER,FRANCHISE_DEALER,7601 I 35 N Frontage Rd,,"{""lat"":30.6370152,""lng"":-97.6775634}"
3cb7ddd30,a0006315a,Hewlett Volkswagen texas,"Hewlett Volkswagen, LP",hewlettvw.com,jaspreet.kaur@spyne.ai,Studio Live,Georgetown,,Texas,United States,78626,INDIVIDUAL_DEALER,FRANCHISE_DEALER,7951 Hewlett Loop Road,,"{""lat"":30.6370152,""lng"":-97.6775634}"
b6b66dfd38,969eddb11,Highline Motors Cars,Highline Motors Cars Corp,,jagrit@spyne.ai,Vini Churned,Southampton Township,Burlington County,New Jersey,United States,8088,INDIVIDUAL_DEALER,INDEPENDENT_DEALER,"1889, New Jersey 38",Burlington County,"{""lat"":39.972767,""lng"":-74.7423239}"
ff107005-9,99c36f997,Homan Chevrolet WI,Homan Auto Sales Inc,homanauto.com,jaspreet.kaur@spyne.ai,Studio Live,Waupun,,Wisconsin,United States,53963,GROUP_DEALER,FRANCHISE_DEALER,240 Gateway Dr,,"{""lat"":43.6387753,""lng"":-88.714747}"
9a389716-9,99c36f997,Homan Chrysler Dodge Jeep WI,Homan Auto Sales Inc,homanauto.com,jaspreet.kaur@spyne.ai,Studio Live,Waupun,,Wisconsin,United States,54971,GROUP_DEALER,FRANCHISE_DEALER,1036 W Fond Du Lac St B,,"{""lat"":43.7425101,""lng"":-88.9690686}"
6c15244898,99c36f997,Homan Ford WI_1,Homan Auto Sales Inc,homanauto.com,jaspreet.kaur@spyne.ai,Studio Live,Ripon,,Wisconsin,United States,54971,GROUP_DEALER,FRANCHISE_DEALER,1036 W Fond du Lac St,,"{""lat"":43.633216,""lng"":-88.7296352}"
e34d127c-7,99c36f997,Homan Ford WI_2,Homan Auto Sales Inc,homanauto.com,jaspreet.kaur@spyne.ai,Studio Live,Ripon,,Wisconsin,United States,54971,GROUP_DEALER,FRANCHISE_DEALER,1037 W Fond du Lac St,,"{""lat"":43.633216,""lng"":-88.7296352}"
b75a95dc-6,99c36f997,Homan Value Center WI,Homan Auto Sales Inc,homanauto.com,jaspreet.kaur@spyne.ai,Studio Live,Waupun,,Wisconsin,United States,53963,GROUP_DEALER,FRANCHISE_DEALER,700 W Main St,,"{""lat"":43.633186,""lng"":-88.74686}"
1bc6f16e1b,2626fb4ab,Hondru auto group,Hondru Auto Group(US),hondrudodge.com,abhijeet.mitra@spyne.ai,Studio Live,Elizabethtown,,Pennsylvania,United States,17545,INDIVIDUAL_DEALER,FRANCHISE_DEALER,2005 South Market Street,,"{""lat"":40.1353545,""lng"":-76.5743711}"
c885afdbe9,3e291ce0f,Horne Mazda,Horne Mazda,hornemazda.com,ritika.agarwal@spyne.ai,Vini Live,Tempe,Maricopa County,Arizona,United States,85284,GROUP_DEALER,FRANCHISE_DEALER,"7777, South Test Drive","South Tempe, Maricopa County","{""lat"":33.3469851,""lng"":-111.9662258}"
37cab1a1-9,d05d096b7,House Chevrolet,House Chevrolet Co.,housechevrolet.net,abhijeet.mitra@spyne.ai,Studio Live,Stewartville,,Minnesota,United States,55976,GROUP_DEALER,FRANCHISE_DEALER,410 S MAIN ST,,"{""lat"":43.8512825,""lng"":-92.4877904}"
ab30aba511,d05d096b7,House Chevrolet Buick Cadillac,House Chevrolet Co.,housechevroletowatonna.com,abhijeet.mitra@spyne.ai,Studio Live,OWATONNA,,Minnesota,United States,55060,GROUP_DEALER,FRANCHISE_DEALER,3700 FRONTAGE ROAD WEST,,"{""lat"":44.0954126,""lng"":-93.2480558}"
8d2d2095-5,d05d096b7,House Ford Chrysler Dodge Jeep Ram,House Chevrolet Co.,houseford.com,abhijeet.mitra@spyne.ai,Studio Live,Red Wing,,Minnesota,United States,55066,GROUP_DEALER,FRANCHISE_DEALER,3538 US-61,,"{""lat"":44.5691947,""lng"":-92.5898682}"
59331cd2-b,cfa16f31b,Huskar BMW,Husker Chevrolet,bmwoflincoln.com,ankur.batra@spyne.ai,Studio Future Churn,Lincoln,,Nebraska,United States,68521,INDIVIDUAL_DEALER,FRANCHISE_DEALER,6741 Telluride Dr,,"{""lat"":40.8804178,""lng"":-96.6846682}"
f9a62412ed,cfa16f31b,Husker Chevrolet,Husker Chevrolet,huskerchevrolet.com,ankur.batra@spyne.ai,Studio Future Churn,Lincoln,,Nebraska,United States,68521,INDIVIDUAL_DEALER,FRANCHISE_DEALER,6833 Telluride Dr,,"{""lat"":40.8797828,""lng"":-96.6867812}"
46248f2395,5.95E+259,Hyundai of Milledgeville,Hyundai of Milledgeville,hyundaiofmilledgeville.com,deepanshu.agarwal@spyne.ai,Studio Live,Milledgeville,,GA,USA,31061,INDIVIDUAL_DEALER,INDEPENDENT_DEALER,2520 N Colombia St,2520 N Colombia St,"{""lat"":33.0801429,""lng"":-83.2320991}"
46248f2395,5.95E+259,Hyundai of Milledgeville,Hyundai of Milledgeville,hyundaiofmilledgeville.com,deepanshu.agarwal@spyne.ai,Vini Live,Milledgeville,,GA,USA,31061,INDIVIDUAL_DEALER,INDEPENDENT_DEALER,2520 N Colombia St,2520 N Colombia St,"{""lat"":33.0801429,""lng"":-83.2320991}"
b4df3297f5,b7a9c31a8,I 40 Autos,I 40 Auto,,vishal.singh1@spyne.ai,Studio Live,Greensboro,,North Carolina,us,27409,GROUP_DEALER,INDEPENDENT_DEALER,7962-B National Service Rd,7962-B National Service Rd,"{""lat"":36.085909,""lng"":-79.980836}"
b4df3297f5,b7a9c31a8,I 40 Autos,I 40 Auto,,sudansh.tiruwa@spyne.ai,Vini Live,Greensboro,,North Carolina,us,27409,GROUP_DEALER,INDEPENDENT_DEALER,7962-B National Service Rd,7962-B National Service Rd,"{""lat"":36.085909,""lng"":-79.980836}"
ae1f3ed086,b7a9c31a8,Sebar Auto Sales,I 40 Auto,,sudansh.tiruwa@spyne.ai,Vini Live,Greensboro,,North Carolina,us,27409,GROUP_DEALER,INDEPENDENT_DEALER,7962-B National Service Rd,7962-B National Service Rd,"{""lat"":37.7749,""lng"":-122.4194}"
777ed6ff8,a5d8dc7f9,Icon Motors Group Inc,Icon Motors Group of Framingham,iconmotorsgroup.com,vishal.singh1@spyne.ai,Studio Live,Framingham,,Massachusetts,United States,2155,GROUP_DEALER,INDEPENDENT_DEALER,"207 South Main Street, Indiana",,"{""lat"":42.642113,""lng"":-71.1315091}"
80e4d3fe6,a5d8dc7f9,Icon Motors of Framingham,Icon Motors Group of Framingham,iconmotorsgroup.com,vishal.singh1@spyne.ai,Studio Live,Framingham,,Massachusetts,United States,1702,GROUP_DEALER,INDEPENDENT_DEALER,154 Waverly St,,"{""lat"":42.2784715,""lng"":-71.4062806}"
b64c6ce4eb,a2941db1d,Alma School Rd,Ideal Cars,,avinash.jha@spyne.ai,Studio Live,Mesa,Maricopa County,Arizona,United States,85201,INDIVIDUAL_DEALER,INDEPENDENT_DEALER,"837, West Main Street",Maricopa County,"{""lat"":33.4142686,""lng"":-111.8495571}"
2138d4cae1,a2941db1d,Apache Junction,Ideal Cars,,avinash.jha@spyne.ai,Studio Live,Mesa,Maricopa County,Arizona,United States,85201,INDIVIDUAL_DEALER,INDEPENDENT_DEALER,"837, West Main Street",Maricopa County,"{""lat"":33.4142686,""lng"":-111.8495571}"
bad06fedb7,a2941db1d,Crismon Road,Ideal Cars,,avinash.jha@spyne.ai,Studio Live,Mesa,Maricopa County,Arizona,United States,85201,INDIVIDUAL_DEALER,INDEPENDENT_DEALER,"837, West Main Street",Maricopa County,"{""lat"":33.4142686,""lng"":-111.8495571}"
ec31b287f8,a2941db1d,East Mesa,Ideal Cars,,avinash.jha@spyne.ai,Studio Live,Mesa,Maricopa County,Arizona,United States,85201,INDIVIDUAL_DEALER,INDEPENDENT_DEALER,"837, West Main Street",Maricopa County,"{""lat"":33.4142686,""lng"":-111.8495571}"
552def8a2b,a2941db1d,Gilbert Road,Ideal Cars,,avinash.jha@spyne.ai,Studio Live,Mesa,Maricopa County,Arizona,United States,85201,INDIVIDUAL_DEALER,INDEPENDENT_DEALER,"837, West Main Street",Maricopa County,"{""lat"":33.4142686,""lng"":-111.8495571}"
3a9358f9e5,a2941db1d,Ideal Cars,Ideal Cars,idealcarsaz.com,avinash.jha@spyne.ai,Studio Live,Mesa,Maricopa County,Arizona,United States,85201,INDIVIDUAL_DEALER,INDEPENDENT_DEALER,"837, West Main Street",Maricopa County,"{""lat"":33.4142686,""lng"":-111.8495571}"
803b234e5f,a2941db1d,Main Street,Ideal Cars,,avinash.jha@spyne.ai,Studio Live,Mesa,Maricopa County,Arizona,United States,85201,INDIVIDUAL_DEALER,INDEPENDENT_DEALER,"837, West Main Street",Maricopa County,"{""lat"":33.4142686,""lng"":-111.8495571}"
88d9f66f31,843540ef9,Impex Chevrolet GMC.,Impex Auto Sales,,jaspreet.kaur@spyne.ai,Studio Live,Reidsville,Rockingham County,North Carolina,United States,27320,INDIVIDUAL_DEALER,FRANCHISE_DEALER,"2009, Barnes Street",Rockingham County,"{""lat"":36.3288448,""lng"":-79.6440449}"
1db661baa3,cec1185d5,Genesis of Brooklyn,Integrity Automotive Group,,,Vini Onboarding,Brooklyn,Kings County,New York,United States,11232,INDIVIDUAL_DEALER,FRANCHISE_DEALER,"80, 39th Street","Sunset Park, Kings County","{""lat"":40.6567917,""lng"":-74.0134291}"
3d05fb8ac0,cec1185d5,Nissan City of Port Chester,Integrity Automotive Group,,,Vini Onboarding,Port Chester,Westchester County,New York,United States,10573,INDIVIDUAL_DEALER,FRANCHISE_DEALER,"225, Boston Post Road",Westchester County,"{""lat"":40.9963056,""lng"":-73.6693717}"
cd842d7a74,98466e739,International Auto Sales,International Auto Sales,intautosales.com,garvit.sharma@spyne.ai,Studio Live,West Hartford,,Connecticut,United States,6110,INDIVIDUAL_DEALER,INDEPENDENT_DEALER,16 South St,,"{""lat"":41.7293854,""lng"":-72.7232602}"
3ac41dc28,b91043104,Island Auto Sales_1,Island Auto Sales,islandautoac.com,prathamesh.prashant@spyne.ai,Studio Live,Pleasantville,,New Jersey,United States,8232,INDIVIDUAL_DEALER,INDEPENDENT_DEALER,"7040 Black Horse Pike, Pleasantville",,"{""lat"":39.3914337,""lng"":-74.5276391}"
93b4f6ee4b,b91043104,Island Auto Sales_2,Island Auto Sales,islandautoac.com,prathamesh.prashant@spyne.ai,Studio Live,Pleasantville,,New Jersey,United States,8232,INDIVIDUAL_DEALER,INDEPENDENT_DEALER,"7040 Black Horse Pike, Pleasantville",,"{""lat"":39.3914337,""lng"":-74.5276391}"
3c2e6ef63d,76048f733,JMB Auto Sports,JMB Auto Sports,jmbautosports.com,prathamesh.prashant@spyne.ai,Studio Live,Flint,,Michigan,United States,48506,INDIVIDUAL_DEALER,INDEPENDENT_DEALER,3100 N Genesee Rd,,"{""lat"":43.051372,""lng"":-83.615839}"
d354ebbc0b,936a097e4,Jmb Auto Sports,JMB Auto Sports,jmbautosports.com,,Vini Live,Flint,Genesee County,Michigan,United States,48506,INDIVIDUAL_DEALER,INDEPENDENT_DEALER,"3100, North Genesee Road",Genesee County,"{""lat"":43.0505957,""lng"":-83.6151005}"
6ab9acc81b,258346211,Jack O' Diamonds Honda,Jack O' Diamonds,,puneet.sharma@spyne.ai,Vini Live,Tyler,Smith County,Texas,United States,75701,INDIVIDUAL_DEALER,FRANCHISE_DEALER,"2600, West Southwest Loop 323",Smith County,"{""lat"":32.3038097,""lng"":-95.3335776}"
994a132762,258346211,Jack O' Diamonds Lincoln,Jack O' Diamonds,,puneet.sharma@spyne.ai,Vini Live,Tyler,Smith County,Texas,United States,75701,INDIVIDUAL_DEALER,FRANCHISE_DEALER,"2500, West Southwest Loop 323",Smith County,"{""lat"":32.3035101,""lng"":-95.3320641}"
ee70b4f003,c062f2a7a,Jaguar Land Rover San Juan,Jaguar Land Rover San Juan,landroversanjuantx.com,vishal.singh1@spyne.ai,Studio Live,San Juan,Hidalgo County,Texas,United States,78589,INDIVIDUAL_DEALER,FRANCHISE_DEALER,"601, East Expressway 83",Hidalgo County,"{""lat"":26.1934639,""lng"":-98.1453658}"
ee70b4f003,c062f2a7a,Jaguar Land Rover San Juan,Jaguar Land Rover San Juan,landroversanjuantx.com,puneet.sharma@spyne.ai,Vini Live,San Juan,Hidalgo County,Texas,United States,78589,INDIVIDUAL_DEALER,FRANCHISE_DEALER,"601, East Expressway 83",Hidalgo County,"{""lat"":26.1934639,""lng"":-98.1453658}"
2a9d157eda,451422b3d,Jan Auto Sales LLC,Jan Auto Sales LLC,rt46autosales.net,prathamesh.prashant@spyne.ai,Studio Live,Parsippany,,New Jersey,United States,7054,INDIVIDUAL_DEALER,INDEPENDENT_DEALER,355 US 46,,"{""lat"":40.8591198,""lng"":-74.3600617}"
30e456638a,18ceea42b,Janssen CJDR of Holdrege,Janssen Auto Group,janssenchryslerholdrege.com,abhijeet.mitra@spyne.ai,Studio Live,Holdrege,,Nebraska,United States,68949,GROUP_DEALER,FRANCHISE_DEALER,601 W 4th Avenue,,"{""lat"":40.4377877,""lng"":-99.3874733}"
a11bf136a3,8eafe01f6,Janssen Chrysler Jeep Dodge,Janssen Chrysler Jeep Dodge,janssenchryslerjeepdodge.com,abhijeet.mitra@spyne.ai,Studio Live,North Platte,,Nebraska,United States,69101,INDIVIDUAL_DEALER,INDEPENDENT_DEALER,1711 Halligan Dr,,"{""lat"":41.1098546,""lng"":-100.7507172}"
12d190ea1,566cc8db5,185498,Janssen Kool Honda,janssenautogroup.com,abhijeet.mitra@spyne.ai,Studio Live,Holdrege,,Nebraska,United States,68949,INDIVIDUAL_DEALER,FRANCHISE_DEALER,1222 W Hwy 6,,"{""lat"":40.4378641,""lng"":-99.3808896}"
4ce1968110,135be0327,Janssen Kuenle CDJR,Janssen Kuenle CDJR,janssenkuenlecdjr.com,abhijeet.mitra@spyne.ai,Studio Live,Plattsmouth,Cass County,Nebraska,United States,68048,INDIVIDUAL_DEALER,INDEPENDENT_DEALER,"319, Fulton Avenue",Cass County,"{""lat"":41.0189175,""lng"":-95.9064748}"
d5e0f48cb8,57daf6b47,Jason Pilger Chrysler Dodge Jeep RAM,Jason Pilger Chrysler Dodge Jeep RAM,jasonpilgerchryslerdodgejeepram.com,avinash.jha@spyne.ai,Studio Future Churn,Jackson,Clarke County,Alabama,United States,36545,INDIVIDUAL_DEALER,INDEPENDENT_DEALER,"3200, North College Avenue",Clarke County,"{""lat"":31.5428589,""lng"":-87.8816319}"
96560f638,14ad9ac5d,Jeff Kies Auto Sales_1,Jeff Kies Auto Sales,jeffkies.com,garvit.sharma@spyne.ai,Studio Live,Apalachin,,New York,United States,13732,INDIVIDUAL_DEALER,INDEPENDENT_DEALER,8768 State Rt 434,,"{""lat"":42.0695189,""lng"":-76.1546504}"
3e7a271067,b733cdf5d,Genesis NE Jacksonville,Jenkins Auto Group,genesisofnortheastjacksonville.com,ankur.batra@spyne.ai,Studio Live,Jacksonville,,Florida,United States,32225,GROUP_DEALER,FRANCHISE_DEALER,11109 Atlantic Blvd,,"{""lat"":30.3189079,""lng"":-81.4862011}"
126f54467a,b733cdf5d,Jenkins Acura,Jenkins Auto Group,jenkinsacura.com,ankur.batra@spyne.ai,Studio Live,Ocala,,Florida,United States,34471,GROUP_DEALER,FRANCHISE_DEALER,2025 SW College Rd,,"{""lat"":29.1672762,""lng"":-82.1676879}"
94165c7ee4,b733cdf5d,Jenkins Chevrolet Venice,Jenkins Auto Group,jenkinschevroletofvenice.com,ankur.batra@spyne.ai,Studio Live,Venice,,Florida,United States,34293,GROUP_DEALER,FRANCHISE_DEALER,2324 S Tamiami Trail,,"{""lat"":27.0951492,""lng"":-82.4443303}"
d180e79a0b,b733cdf5d,Jenkins Chevrolet of Homosassa,Jenkins Auto Group,jenkinschevroletofhomosassa.com,ankur.batra@spyne.ai,Studio Live,Homosassa,,Florida,United States,34448,GROUP_DEALER,FRANCHISE_DEALER,1035 S Suncoast Blvd,,"{""lat"":28.8114876,""lng"":-82.5764451}"
6e7ba9eaa8,b733cdf5d,Jenkins Chrysler Dodge Jeep Ram of Homosassa,Jenkins Auto Group,jenkinschryslerdodgejeepramofhomosassa.com,ankur.batra@spyne.ai,Studio Live,Homosassa,,Florida,United States,34448,GROUP_DEALER,FRANCHISE_DEALER,1005 S Suncoast Blvd,,"{""lat"":28.7986756,""lng"":-82.5762611}"
c0d62ee5d5,b733cdf5d,Jenkins Ford Of Crystal River,Jenkins Auto Group,jenkinsfordofcrystalriver.com,ankur.batra@spyne.ai,Studio Live,Crystal River,,Florida,United States,34428,GROUP_DEALER,FRANCHISE_DEALER,2440 NW US Hwy 19,,"{""lat"":28.902479,""lng"":-82.5926012}"
4584f71178,b733cdf5d,Jenkins Ford/Lincoln  of Crystal River,Jenkins Auto Group,jenkinsfordofcrystalriver.com,ankur.batra@spyne.ai,Studio Live,Crystal River,,Florida,United States,34428,GROUP_DEALER,FRANCHISE_DEALER,2440 NW US Hwy 19,,"{""lat"":28.902479,""lng"":-82.5926012}"
5d41b58863,b733cdf5d,Jenkins Genesis of Leesburg,Jenkins Auto Group,jenkinsgenesisofleesburg.com,ankur.batra@spyne.ai,Studio Live,Leesburg,,Florida,United States,34788,GROUP_DEALER,FRANCHISE_DEALER,10234 US Highway 441,,"{""lat"":28.8226858,""lng"":-81.7868003}"
3e71d13bea,b733cdf5d,Jenkins Genesis of Ocala,Jenkins Auto Group,jenkinsgenesisofocala.com,ankur.batra@spyne.ai,Studio Live,Ocala,,Florida,United States,34471,GROUP_DEALER,FRANCHISE_DEALER,"2025 SW College Road, Ocala",,"{""lat"":29.1672774,""lng"":-82.1676901}"
32cf149352,b733cdf5d,Jenkins Honda of Leesburg,Jenkins Auto Group,jenkinshondaofleesburg.com,ankur.batra@spyne.ai,Studio Live,Leesburg,,Florida,United States,34788,GROUP_DEALER,FRANCHISE_DEALER,9205 US Highway 441,,"{""lat"":28.8291281,""lng"":-81.8032931}"
0fd074a4b6,b733cdf5d,Jenkins Hyundai of Homosassa,Jenkins Auto Group,jenkinshyundaiofhomosassa.com,ankur.batra@spyne.ai,Studio Live,Homosassa,,Florida,United States,34448,GROUP_DEALER,FRANCHISE_DEALER,937 S Suncoast Blvd,,"{""lat"":28.8114876,""lng"":-82.5764451}"
8e409408dc,b733cdf5d,Jenkins Hyundai of Jacksonville,Jenkins Auto Group,jenkinshyundaiofjacksonville.com,ankur.batra@spyne.ai,Studio Live,Jacksonville,,Florida,United States,32225,GROUP_DEALER,FRANCHISE_DEALER,11107 Atlantic Blvd,,"{""lat"":30.3244685,""lng"":-81.509692}"
179f2a7a46,b733cdf5d,Jenkins Hyundal of Leesburg,Jenkins Auto Group,jenkinshyundaiofleesburg.com,ankur.batra@spyne.ai,Studio Live,Leesburg,,Florida,United States,34788,GROUP_DEALER,FRANCHISE_DEALER,9145 US Highway 441,,"{""lat"":28.8291944,""lng"":-81.8045908}"
9b71c1465d,b733cdf5d,Jenkins Hyundal of Ocala,Jenkins Auto Group,jenkinshyundaiofocala.com,ankur.batra@spyne.ai,Studio Live,Ocala,,Florida,United States,34474,GROUP_DEALER,FRANCHISE_DEALER,1602 SW College Rd,,"{""lat"":29.1696564,""lng"":-82.1646409}"
a78a3313b8,b733cdf5d,Jenkins Kia of Cocoa,Jenkins Auto Group,jenkinskiaofcocoa.com,ankur.batra@spyne.ai,Studio Live,Cocoa,Brevard County,Florida,United States,32926,INDIVIDUAL_DEALER,FRANCHISE_DEALER,"3660, West King Street",Brevard County,"{""lat"":28.3575942,""lng"":-80.7810903}"
f260b79807,b733cdf5d,Jenkins Kia of Gainesville,Jenkins Auto Group,jenkinskiaofgainesville.com,ankur.batra@spyne.ai,Studio Live,Gainesville,,Florida,United States,32609,GROUP_DEALER,FRANCHISE_DEALER,2810 N Main St,,"{""lat"":29.6785634,""lng"":-82.3195165}"
5d10a24679,b733cdf5d,Jenkins Kia of Ocala,Jenkins Auto Group,jenkinskiaofocala.com,ankur.batra@spyne.ai,Studio Live,Ocala,,Florida,United States,34471,GROUP_DEALER,FRANCHISE_DEALER,2305 SW College Rd,,"{""lat"":29.164609,""lng"":-82.170671}"
4346ace52e,b733cdf5d,Jenkins Mazda,Jenkins Auto Group,jenkinsmazda.com,ankur.batra@spyne.ai,Studio Live,Ocala,,Florida,United States,34471,GROUP_DEALER,FRANCHISE_DEALER,1740 SW College Rd,,"{""lat"":29.1692079,""lng"":-82.1652228}"
9862d42bb0,b733cdf5d,Jenkins Nissan of Homosassa,Jenkins Auto Group,jenkinsnissanofhomosassa.com,ankur.batra@spyne.ai,Studio Live,Homosassa,,Florida,United States,34448,GROUP_DEALER,FRANCHISE_DEALER,1785 S Suncoast Blvd,,"{""lat"":28.7961801,""lng"":-82.574751}"
70980f4dcd,b733cdf5d,Jenkins Nissan of Leesburg,Jenkins Auto Group,jenkinsnissanofleesburg.com,ankur.batra@spyne.ai,Studio Live,Leesburg,,Florida,United States,34788,GROUP_DEALER,FRANCHISE_DEALER,8865 US Highway 441,,"{""lat"":28.8218636,""lng"":-81.7828404}"
06dfac60a2,b733cdf5d,Jenkins Subaru of Ocala,Jenkins Auto Group,jenkinssubaruofocala.com,ankur.batra@spyne.ai,Studio Live,Ocala,,Florida,United States,34474,GROUP_DEALER,FRANCHISE_DEALER,5820 SW College Rd,,"{""lat"":29.1202079,""lng"":-82.2168661}"
a2a615649f,b733cdf5d,Leesburg Volkswagen,Jenkins Auto Group,jenkinsvolkswagen.com,ankur.batra@spyne.ai,Studio Live,Leesburg,,Florida,United States,34788,GROUP_DEALER,FRANCHISE_DEALER,9105 US Highway 441,,"{""lat"":28.8295885,""lng"":-81.8053423}"
3a54d1fe58,b733cdf5d,Space Coast Honda,Jenkins Auto Group,spacecoasthonda.com,ankur.batra@spyne.ai,Studio Live,Cocoa,,Florida,United States,32926,GROUP_DEALER,FRANCHISE_DEALER,1885 W King St,,"{""lat"":28.3549176,""lng"":-80.7640672}"
964b3de4c6,2ae209e53,Jerry Spady Chevrolet GMC Corvette Hummer,Jerry Spady Chevrolet GMC Corvette Hummer,spadygm.com,vishal.singh1@spyne.ai,Studio Live,Hastings,,Nebraska,United States,68901,INDIVIDUAL_DEALER,FRANCHISE_DEALER,2750 Osborne Dr. E,,"{""lat"":40.6130199,""lng"":-98.3823596}"
3311f4e6e2,8029ea3a5,Jidd Motors Mitsubishi,Jidd Motors Mitsubishi,jiddmotorsmitsubishi.com,abhijeet.mitra@spyne.ai,Studio Live,Des Plaines,,Illinois,United States,60016,INDIVIDUAL_DEALER,FRANCHISE_DEALER,1313 Rand Rd,,"{""lat"":42.0501245,""lng"":-87.8924826}"
fea38d9b09,1917266d4,JIDD PERFORMANCE,Jidd Performance,jiddperformance.com,garvit.sharma@spyne.ai,Studio Live,Boca Raton,Palm Beach County,Florida,United States,33432,INDIVIDUAL_DEALER,INDEPENDENT_DEALER,"1800, Northwest 1st Court",Palm Beach County,"{""lat"":26.3654584,""lng"":-80.0868284}"
3cfbad188d,eaee06605,Jim O’Connor Select Auto,Jim O’Connor Select Auto,selectautowi.com,prathamesh.prashant@spyne.ai,Studio Live,Oconomowoc,,Wisconsin,United States,53066,INDIVIDUAL_DEALER,INDEPENDENT_DEALER,740 East Wisconsin Avenue,,"{""lat"":43.107574,""lng"":-88.4879052}"
308db19728,f2c1c3e12,Jim Schmidt Chevrolet of Delphos,Jim Schmidt Automotive,jimschmidtdelphos.com,ankur.batra@spyne.ai,Studio Live,Delphos,,Ohio,United States,45833,GROUP_DEALER,FRANCHISE_DEALER,1725 E 5th St1725 E 5th St,,"{""lat"":40.8437457,""lng"":-84.3397658}"
d368148181,f2c1c3e12,Jim Schmidt Chevrolet-Buick,Jim Schmidt Automotive,,ankur.batra@spyne.ai,Studio Live,Hicksville,,Ohio,United States,43526,GROUP_DEALER,FRANCHISE_DEALER,575 West High Street,,"{""lat"":41.2872334,""lng"":-84.7742856}"
9f44b785f9,f2c1c3e12,Jim Schmidt Ford,Jim Schmidt Automotive,jimschmidtford.net,ankur.batra@spyne.ai,Studio Live,Hicksville,,Ohio,United States,43526,GROUP_DEALER,FRANCHISE_DEALER,405 West High Street,,"{""lat"":41.287904,""lng"":-84.7714197}"
0dcef03834,d3216c3e4,John Hiester Chevrolet,John Hiester Chevrolet,johnhiesterchevy.com,ankur.batra@spyne.ai,Studio Live,Fuquay Varina,,North Carolina,United States,27526,INDIVIDUAL_DEALER,FRANCHISE_DEALER,3100 North Main Street,,"{""lat"":35.5904452,""lng"":-78.7983224}"
0dcef03834,d3216c3e4,John Hiester Chevrolet,John Hiester Chevrolet,johnhiesterchevy.com,zeeshana.aijaz@spyne.ai,Vini Live,Fuquay Varina,,North Carolina,United States,27526,INDIVIDUAL_DEALER,FRANCHISE_DEALER,3100 North Main Street,,"{""lat"":35.5904452,""lng"":-78.7983224}"
a54748113c,255d4e428,Joseph Toyota Of Cincinnati,Joseph Toyota Of Cincinnati,josephtoyota.com,vishal.singh1@spyne.ai,Studio Churned,Cincinnati,,Ohio,United States,45251,INDIVIDUAL_DEALER,FRANCHISE_DEALER,9101 Colerain Ave,,"{""lat"":39.237014,""lng"":-84.592544}"
2.22E+31,aef07d3d0,Juettner Lincoln,Juettner Motors Inc.,,vishal.singh1@spyne.ai,Studio Churned,Alexandria,,Minnesota,United States,56308,INDIVIDUAL_DEALER,FRANCHISE_DEALER,1900 Broadway St,,"{""lat"":45.870579,""lng"":-95.378053}"
491cad2733,749bac698,K&f Auto Sales And Service,K&f Auto Sales And Service,kfauto.com,garvit.sharma@spyne.ai,Studio Live,Fort Atkinson,,Wisconsin,United States,53538,INDIVIDUAL_DEALER,INDEPENDENT_DEALER,"N3873 WI-26 BUS, Jefferson",,"{""lat"":42.9288944,""lng"":-88.8370509}"
49a8baaf5b,5f357c460,Decorah Auto Center,KAR Auto Group,,ishika.arora@spyne.ai,Studio Live,Decorah,Winneshiek County,Iowa,United States,52101,INDIVIDUAL_DEALER,FRANCHISE_DEALER,"2072, Iowa 9",Winneshiek County,"{""lat"":43.2924234,""lng"":-91.8071781}"
6d0a33b157,5f357c460,Decorah Chevrolet & Chrysler,KAR Auto Group,,ishika.arora@spyne.ai,Studio Live,Decorah,Winneshiek County,Iowa,United States,52101,INDIVIDUAL_DEALER,FRANCHISE_DEALER,"1815, Iowa 9",Winneshiek County,"{""lat"":43.2881477,""lng"":-91.7585214}"
cbc4531a20,f67f3cfc7,KL Honda,KL Honda,klhonda.com,sanyam.tyagi@spyne.ai,Studio Live,Lindsay,,Ontario,Canada,K9V 4W9,INDIVIDUAL_DEALER,FRANCHISE_DEALER,4 Harvest St,,"{""lat"":44.3475239,""lng"":-78.7708673}"
d0fc10df9a,d2bbbfe8d,Auto Steinberg,Kame Labs GmbH i.Gr.,,,Studio Live,Germany,Frankfurt,Frankfurt am Main,Germany,60314,INDIVIDUAL_DEALER,INDEPENDENT_DEALER,Hanauer Landstraße 204 60314 Frankfurt am Main Germany,Hanauer Landstraße 204 60314 Frankfurt am Main Germany,"{""lat"":50.1109221,""lng"":8.6821267}"
e0d59f3f-7,51f47b569,Hyundai_2,Keffer Inc.,kefferhyundai.com,aman.seth@spyne.ai,Studio Live,Charlotte,,North Carolina,United States,28227,GROUP_DEALER,FRANCHISE_DEALER,8214 E Independence Blvd,,"{""lat"":35.1522341,""lng"":-80.7299697}"
e24f5a3b-1,51f47b569,Mazda_2,Keffer Inc.,keffermazda.com,aman.seth@spyne.ai,Studio Live,Charlotte,,North Carolina,United States,28227,GROUP_DEALER,FRANCHISE_DEALER,8214 E Independence Blvd,,"{""lat"":35.1522341,""lng"":-80.7299697}"
c6baf1d04d,d19521581,Kempton Chevrolet_2,Kempton Chevrolet,kemptonchevrolet.com,sanyam.tyagi@spyne.ai,Studio Live,Safford,,Arizona,United States,85546,INDIVIDUAL_DEALER,FRANCHISE_DEALER,713 W 5th Street Safford,,"{""lat"":32.8344726,""lng"":-109.7152367}"
148cbc9409,041b66a4f,Key West Ford Sales,Key West Ford Sales Ltd,keywestford.com,vishal.singh1@spyne.ai,Studio Live,New Westminster,,BC,Canada,V3M2A5,INDIVIDUAL_DEALER,FRANCHISE_DEALER,"301 Stewardson Way, New Westminster",,"{""lat"":49.2021684,""lng"":-122.9254673}"
320a9f6325,96801647b,Kia Cold Lake,Kia Cold Lake,,abhijeet.mitra@spyne.ai,Studio Live,Cold Lake,,Alberta,Canada,T9M 1S6,INDIVIDUAL_DEALER,FRANCHISE_DEALER,3832 50 St,,"{""lat"":54.4079939,""lng"":-110.2052487}"
984a75ac1e,10068fb52,Kia Vancouver,Kia Vancouver,,abhijeet.mitra@spyne.ai,Studio Live,Vancouver,Vancouver,British Columbia,Canada,V5X 2R6,INDIVIDUAL_DEALER,INDEPENDENT_DEALER,396 SW Marine Dr,,"{""lat"":49.2827291,""lng"":-123.1207375}"
eb8fe3ce25,d9e6f6263,Kian Motors INC,Kian Motors INC,kianmotors.com,sanyam.tyagi@spyne.ai,Studio Live,Plano,,Texas,United States,75093,INDIVIDUAL_DEALER,INDEPENDENT_DEALER,1212 Commerce Drive Directions,,"{""lat"":33.0136764,""lng"":-96.6925096}"
f2c0f86bc,6069c92a3,Kimberly BMW,Kimberly BMW,bmwofdavenport.com,abhijeet.mitra@spyne.ai,Studio Live,Davenport,,Iowa,United States,52806,INDIVIDUAL_DEALER,FRANCHISE_DEALER,625 W Kimberly Rd,,"{""lat"":41.5599663,""lng"":-90.5824542}"
ecdd25db-7,ad2559dcd,Commerical Trucks,"Knapp Chevrolet, Inc.",knappchevrolet.com,sanyam.tyagi@spyne.ai,Studio Live,Houston,,Texas,United States,77007,INDIVIDUAL_DEALER,FRANCHISE_DEALER,815 Houston Ave,,"{""lat"":29.7669613,""lng"":-95.3731285}"
a3572d3404,ad2559dcd,Knapp Chevrolet_Houston,"Knapp Chevrolet, Inc.",knappchevrolet.com,sanyam.tyagi@spyne.ai,Studio Live,Houston,,Texas,United States,77007,INDIVIDUAL_DEALER,FRANCHISE_DEALER,815 Houston Ave,,"{""lat"":29.7669613,""lng"":-95.3731285}"
01d5f4e0f7,70ba109c9,cbrown,Koons Automotive Inc,,prathamesh.prashant@spyne.ai,Studio Live,Fredericksburg,,Virginia,United States,22401,INDIVIDUAL_DEALER,INDEPENDENT_DEALER,2303 Emancipation Hwy,,"{""lat"":38.2831922,""lng"":-77.4882634}"
0f2e5b3f11,ed12bedfe,Korf Ford _2,Korf Ford,korfford.com,zeeshana.aijaz@spyne.ai,Studio Churned,Brush,,Colorado,United States,80723,GROUP_DEALER,FRANCHISE_DEALER,501 Edison Street,,"{""lat"":40.255361,""lng"":-103.624718}"
8573af4c18,8ce2dc4d9,Korf Motors,Korf Motors,tonypeckhamkorfmotor.com,zeeshana.aijaz@spyne.ai,Studio Churned,Fort Morgan,,Colorado,United States,80701,INDIVIDUAL_DEALER,FRANCHISE_DEALER,1221 MAIN STREET,,"{""lat"":40.2614508,""lng"":-103.8016021}"
b9c2105d5,b2b67ba8d,Kross Mitsubishi,Kross Mitsubishi,,manpreet.kaur@spyne.ai,Studio Churned,Edmonton,,Alberta,Canada,T6E 5W8,INDIVIDUAL_DEALER,FRANCHISE_DEALER,"9605 34 Ave NW, Edmonton, AB",,"{""lat"":53.4696018,""lng"":-113.4899277}"
98270aac74,ffc453a6b,LUXURY IMPORTS,LUXURY IMPORTS,luxuryandimports.com,garvit.sharma@spyne.ai,Studio Live,Leavenworth,,Kansas,United States,66048,INDIVIDUAL_DEALER,INDEPENDENT_DEALER,"5239, South 4th St",,"{""lat"":39.2673889,""lng"":-94.898955}"
7c8ec43273,c7e6b569f,Lake Chevrolet,Lake Auto Group,,ishika.arora@spyne.ai,Studio Live,Milwaukee,Milwaukee County,Wisconsin,United States,53221,INDIVIDUAL_DEALER,FRANCHISE_DEALER,"4100, South 27th Street","Wilson Park, Milwaukee County","{""lat"":42.9699549,""lng"":-87.94583639999999}"
7c8ec43273,c7e6b569f,Lake Chevrolet,Lake Auto Group,,aditya.kaul@spyne.ai,Vini Live,Milwaukee,Milwaukee County,Wisconsin,United States,53221,INDIVIDUAL_DEALER,FRANCHISE_DEALER,"4100, South 27th Street","Wilson Park, Milwaukee County","{""lat"":42.9699549,""lng"":-87.94583639999999}"
3ba5db276f,c7e6b569f,Lake Ford,Lake Auto Group,lakefordlewistown.com,ishika.arora@spyne.ai,Studio Live,Milwaukee,Milwaukee County,Wisconsin,United States,53221,INDIVIDUAL_DEALER,FRANCHISE_DEALER,"4201, South 27th Street",Milwaukee County,"{""lat"":42.9681072,""lng"":-87.95005669999999}"
3ba5db276f,c7e6b569f,Lake Ford,Lake Auto Group,lakefordlewistown.com,aditya.kaul@spyne.ai,Vini Live,Milwaukee,Milwaukee County,Wisconsin,United States,53221,INDIVIDUAL_DEALER,FRANCHISE_DEALER,"4201, South 27th Street",Milwaukee County,"{""lat"":42.9681072,""lng"":-87.95005669999999}"
17bb4a5459,4fefabd10,Lamacchia Honda,Lamacchia Honda,lamacchiahonda.com,vishal.singh1@spyne.ai,Studio Live,Syracuse,,New York,United States,13204,INDIVIDUAL_DEALER,FRANCHISE_DEALER,932 West Genesee Street,,"{""lat"":43.0541924,""lng"":-76.1696016}"
92b380957,a4e592040,Lambert Buick GMC,Lambert Buick GMC Inc,lambertbuickgmc.com,vishal.singh1@spyne.ai,Studio Live,Cuyahoga Falls,,Ohio,United States,44221,INDIVIDUAL_DEALER,FRANCHISE_DEALER,2409 Front St,,"{""lat"":41.1401259,""lng"":-81.4796605}"
92b380957,a4e592040,Lambert Buick GMC,Lambert Buick GMC Inc,lambertbuickgmc.com,,Vini Live,Cuyahoga Falls,,Ohio,United States,44221,INDIVIDUAL_DEALER,FRANCHISE_DEALER,2409 Front St,,"{""lat"":41.1401259,""lng"":-81.4796605}"
c18a7a6d8d,b5b6954c4,Landers Dodge Chrysler Jeep Ram,Landers Dodge Chrysler Jeep RAM,golanders.com,ankur.batra@spyne.ai,Studio Live,Bossier City,Bossier Parish,Louisiana,United States,71111,INDIVIDUAL_DEALER,FRANCHISE_DEALER,"2701, Benton Road",Bossier Parish,"{""lat"":32.5557436,""lng"":-93.726789}"
c18a7a6d8d,b5b6954c4,Landers Dodge Chrysler Jeep Ram,Landers Dodge Chrysler Jeep RAM,golanders.com,aditya.kaul@spyne.ai,Vini Live,Bossier City,Bossier Parish,Louisiana,United States,71111,INDIVIDUAL_DEALER,FRANCHISE_DEALER,"2701, Benton Road",Bossier Parish,"{""lat"":32.5557436,""lng"":-93.726789}"
8ebbb3fa-e,d1319edae,Laramie Peak Motors LLC_1,Laramie Peak Motors LLC,laramiepeakmotors.com,garvit.sharma@spyne.ai,Studio Live,Wheatland,,Wyoming,United States,82201,INDIVIDUAL_DEALER,FRANCHISE_DEALER,2305 North 16th StreetWheatland,,"{""lat"":42.054424,""lng"":-104.952726}"
ea1ed3422e,d1319edae,Laramie Peak Motors LLC_2,Laramie Peak Motors LLC,laramiepeakmotors.com,garvit.sharma@spyne.ai,Studio Live,Wheatland,Wheatland,WY,US,82201,INDIVIDUAL_DEALER,FRANCHISE_DEALER,2305 North 16th St,,"{""lat"":42.0544141,""lng"":-104.9527501}"
03d7a7304e,ff9cc24f4,Lee Hyundai,Lee Group,leehyundai.com,avinash.jha@spyne.ai,Studio Live,Wilson,,North Carolina,United States,27896,GROUP_DEALER,FRANCHISE_DEALER,4170-A Raleigh Rd PKWY W,,"{""lat"":35.7451895,""lng"":-77.9651256}"
cadd3b2f76,ff9cc24f4,Lee Hyundai of Clayton,Lee Group,leehyundaiofclayton.com,avinash.jha@spyne.ai,Studio Live,Clayton,Johnston County,North Carolina,United States,27520,INDIVIDUAL_DEALER,FRANCHISE_DEALER,"11315, Clayton Boulevard",Johnston County,"{""lat"":35.6481966481151,""lng"":-78.46620306449262}"
d0c2aad327,e91b8a8fe,Lewiston Auto_1,Lewiston Auto,lewistonauto.com,sanyam.tyagi@spyne.ai,Studio Live,Lewiston,,Minnesota,United States,55952,INDIVIDUAL_DEALER,FRANCHISE_DEALER,300 Debra Drive,,"{""lat"":43.9886337,""lng"":-91.8644336}"
4e1defb797,65c4c0ee4,Lexus of Lehigh Valley,Lexus of Lehigh Valley,lexusoflehighvalley.com,vishal.singh1@spyne.ai,Studio Live,Allentown,,Pennsylvania,United States,18104,INDIVIDUAL_DEALER,FRANCHISE_DEALER,4500 Broadway,,"{""lat"":40.5858672,""lng"":-75.5544063}"
9e7ec81e-b,f0b47313d,Lexus CPO,Lexus of Merrillville,,sanyam.tyagi@spyne.ai,Studio Live,Merrillville,,Indiana,United States,46410,INDIVIDUAL_DEALER,FRANCHISE_DEALER,"3957 US-30 Merrillville, IN 46410",,"{""lat"":41.4858405,""lng"":-87.3851942}"
cd62956061,f0b47313d,Lexus of Merrillville,Lexus of Merrillville,lexusofmerrillville.com,sanyam.tyagi@spyne.ai,Studio Live,Merrillville,,Indiana,United States,46410,INDIVIDUAL_DEALER,FRANCHISE_DEALER,"3957 US-30 Merrillville, IN 46410",,"{""lat"":41.4858405,""lng"":-87.3851942}"
d47d4007eb,716d304ef,Lockwood Motors,"Lockwood Motors, Inc.",lockwoodmotors.com,sanyam.tyagi@spyne.ai,Studio Live,Marshall,,Minnesota,United States,56258,INDIVIDUAL_DEALER,FRANCHISE_DEALER,1310 E College Drive,,"{""lat"":44.4496005,""lng"":-95.7666128}"
068cadb5bf,e567f183d,Cataloguing rooftop,Long Automotive Group,longsubaru.com,ishika.arora@spyne.ai,Studio Live,Webster,,Massachusetts,United States,1570,GROUP_DEALER,FRANCHISE_DEALER,7 Sutton Rd,,"{""lat"":42.0627822,""lng"":-71.8605509}"
9f84b08c-9,e567f183d,Long Cadillac,Long Automotive Group,longcadillac.com,ishika.arora@spyne.ai,Studio Live,Southborough,,Massachusetts,United States,1772,GROUP_DEALER,FRANCHISE_DEALER,218 Turnpike Rd (Route 9 East),,"{""lat"":42.3056501,""lng"":-71.5245087}"
e76ba9e3-a,e567f183d,Long Subaru,Long Automotive Group,longsubaru.com,ishika.arora@spyne.ai,Studio Live,Webster,,Massachusetts,United States,1570,GROUP_DEALER,FRANCHISE_DEALER,7 Sutton Rd,,"{""lat"":42.1752089,""lng"":-71.7748339}"
587b648d46,164b70487,Long Island Sports Cars,Long Island Sports Cars,longislandsportscars.com,garvit.sharma@spyne.ai,Studio Live,Roslyn,,New York,United States,11576,INDIVIDUAL_DEALER,INDEPENDENT_DEALER,1047 Northern Boulevard,,"{""lat"":40.7985368,""lng"":-73.6649831}"
ce6334b887,249fffe38,Loyalty Nissan,Loyalty Automotive,loyaltynissanrichmond.com,zeeshana.aijaz@spyne.ai,Studio Future Churn,Chester,,Virginia,United States,23831,INDIVIDUAL_DEALER,FRANCHISE_DEALER,16301 Loyalty Way,,"{""lat"":37.3048951,""lng"":-77.3926344}"
be5ad58331,7cc5888c6,Loyalty Chevrolet,Loyalty Chevrolet/Cadillac,loyaltychevrolet.com,zeeshana.aijaz@spyne.ai,Studio Churned,Williamsburg,,Virginia,United States,23185,INDEPENDENT_DEALER,FRANCHISE_DEALER,543 2nd St,,"{""lat"":37.273403,""lng"":-76.6823318}"
a4b40b7160,740e108f7,Loyalty Toyota,Loyalty Toyota,loyaltytoyotarichmond.com,zeeshana.aijaz@spyne.ai,Studio Churned,Chester,,Virginia,United States,23831,INDEPENDENT_DEALER,FRANCHISE_DEALER,2000 Walthall Center Drive,,"{""lat"":37.3068842,""lng"":-77.3935893}"
27ff6765f,6ecc6bf4b,Loyalty Volkswagen_1,Loyalty Volkswagen,loyaltyvwrichmond.com,zeeshana.aijaz@spyne.ai,Studio Future Churn,Chester,,Virginia,United States,23831,GROUP_DEALER,FRANCHISE_DEALER,"16300 Loyalty Way Chester, Va",,"{""lat"":37.3562229,""lng"":-77.4460583}"
108a98c179,a9dc7e2a2,Lumos Acura,Lumos Honda & Lumos Acura,,puneet.sharma@spyne.ai,Vini Live,San Juan,Hidalgo County,Texas,United States,78589,INDIVIDUAL_DEALER,FRANCHISE_DEALER,"1201, Interstate 2",Hidalgo County,"{""lat"":26.192331688814335,""lng"":-98.13823288314256}"
5ccaeef160,a9dc7e2a2,Lumos Honda,Lumos Honda & Lumos Acura,lumoshonda.com,puneet.sharma@spyne.ai,Vini Live,Odessa,,TX,USA,79762,INDIVIDUAL_DEALER,FRANCHISE_DEALER,5301 John Ben Shepperd Parkway,5301 John Ben Shepperd Parkway,"{""lat"":31.9049924,""lng"":-102.3387526}"
7ac7bcd02,7d0ba2fb7,Luxury Auto Plex_1,Luxury Auto Plex,luxuryautoz.com,garvit.sharma@spyne.ai,Studio Live,Portland,,Oregon,United States,97230,INDIVIDUAL_DEALER,INDEPENDENT_DEALER,"8555 SW Canyon Rd, Portland",,"{""lat"":45.4986011,""lng"":-122.7647817}"
19a1094476,652ef9315,LuxuryMotorCars_2,LuxuryMotorCars,lmc22.com,rupesh.rawat@spyne.ai,Studio Live,Hillside,,New Jersey,United States,7205,INDIVIDUAL_DEALER,FRANCHISE_DEALER,245 US 22,,"{""lat"":40.6988753,""lng"":-74.2278985}"
aa9931d859,55236c531,MAG Chrysler Dodge Jeep Ram,MAG CHRYSLER DODGE JEEP RAM,magcdjr.com,vishal.singh1@spyne.ai,Studio Live,Chillicothe,,Missouri,United States,64601,INDIVIDUAL_DEALER,FRANCHISE_DEALER,310 Washington Street,,"{""lat"":39.7839925,""lng"":-93.5530001}"
8555c96ab6,b0cf1df81,MB Motors,MB Motors,mb-motors.be,garvit.sharma@spyne.ai,Studio Live,Bellingham,,WA,U.S.A,98225,INDIVIDUAL_DEALER,INDEPENDENT_DEALER,700 Ohio Street,700 Ohio Street,"{""lat"":48.7548428,""lng"":-122.4659951}"
8555c96ab6,b0cf1df81,MB Motors,MB Motors,mb-motors.be,manpreet.kaur@spyne.ai,Vini Live,Bellingham,,WA,U.S.A,98225,INDIVIDUAL_DEALER,INDEPENDENT_DEALER,700 Ohio Street,700 Ohio Street,"{""lat"":48.7548428,""lng"":-122.4659951}"
53833d082b,9bb0e68c6,MEI Inc,MEI Inc,meiautofinance.com,rupesh.rawat@spyne.ai,Studio Live,Arlington,,Texas,United States,76011,INDIVIDUAL_DEALER,INDEPENDENT_DEALER,200 N Collins St,,"{""lat"":32.738282,""lng"":-97.097451}"
d63dbb8b27,3c04c87a2,Carizona,MP auto Sales LLC DBA Carizona,carizona.com,sanyam.tyagi@spyne.ai,Studio Live,Mesa,,Arizona,United States,85201,INDIVIDUAL_DEALER,INDEPENDENT_DEALER,1600 W Main St,,"{""lat"":33.414966,""lng"":-111.865559}"
bfc589ff5a,da03f0648,"MST Trading, LLC DBA Always Motors","MST Trading, LLC DBA Always Motors",,sanyam.tyagi@spyne.ai,Studio Live,Spring,Harris County,Texas,United States,77373,INDIVIDUAL_DEALER,INDEPENDENT_DEALER,"23737, Cypresswood Drive",Harris County,"{""lat"":30.0551558,""lng"":-95.3544109}"
bfc589ff5a,da03f0648,"MST Trading, LLC DBA Always Motors","MST Trading, LLC DBA Always Motors",,deepanshu.agarwal@spyne.ai,Vini Live,Spring,Harris County,Texas,United States,77373,INDIVIDUAL_DEALER,INDEPENDENT_DEALER,"23737, Cypresswood Drive",Harris County,"{""lat"":30.0551558,""lng"":-95.3544109}"
5694819c5f,a5c8cdf57,Ford Used,MY Naghi,,aman.seth@spyne.ai,Studio Live,Jeddah,Jeddah,Makkah Province,Saudi Arabia,23617,INDIVIDUAL_DEALER,FRANCHISE_DEALER,King Abdul Aziz Road,"Al Mohammadiyyah, Jeddah","{""lat"":21.648764,""lng"":39.1136399}"
aee8020f86,943b54863,"Madeira Auto-Car, Lda","Madeira Auto-Car, Lda",,anuj.tewatia@spyne.ai,Studio Live,Madeira,Funchal,Funchal,Portugal,9050-000,INDIVIDUAL_DEALER,INDEPENDENT_DEALER,Caminho do Regedor,Caminho do Regedor,"{""lat"":32.6506129,""lng"":-16.9082357}"
c6fc317cc6,b9949e885,Main Street Motors,Main Street Motors,mainstreetautos.com,puneet.sharma@spyne.ai,Vini Live,Portage,Porter County,Indiana,United States,46368,INDIVIDUAL_DEALER,INDEPENDENT_DEALER,"5020, U.S. 6",Porter County,"{""lat"":41.5514854,""lng"":-87.2174189}"
2ecb2300a0,b9949e885,Main Street Motors_1,Main Street Motors,,garvit.sharma@spyne.ai,Studio Live,Portage,,Indiana,United States,46368,INDIVIDUAL_DEALER,INDEPENDENT_DEALER,"5020 US-6, Portag",,"{""lat"":41.5506827,""lng"":-87.2158221}"
0079fa7f8,b9949e885,Main Street Motors_2,Main Street Motors,mainstreetmotors.org,garvit.sharma@spyne.ai,Studio Live,Portage,,Indiana,United States,46368,INDIVIDUAL_DEALER,INDEPENDENT_DEALER,5020 US-6,,"{""lat"":41.5506827,""lng"":-87.2158221}"
81bb345eb,4f97f9e07,Marano & Sons Auto Sales_2,Marano & Sons Auto Sales,maranosonsauto.com,garvit.sharma@spyne.ai,Studio Live,Garwood,,New Jersey,United States,7027,INDIVIDUAL_DEALER,INDEPENDENT_DEALER,150 County Rd 610,,"{""lat"":40.6516599,""lng"":-74.3285404}"
8053572fb8,78c373e20,Mark Miller Subaru South Towne LLC,"Mark Miller Subaru, Inc.",,ishika.arora@spyne.ai,Studio Live,Sandy,Salt Lake County,Utah,United States,84070,INDIVIDUAL_DEALER,FRANCHISE_DEALER,"10920, South State Street",Salt Lake County,"{""lat"":40.5532532,""lng"":-111.8920116}"
de14075fe6,78c373e20,"Mark Miller Subaru, Inc.","Mark Miller Subaru, Inc.",,ishika.arora@spyne.ai,Studio Live,Salt Lake City,Salt Lake County,Utah,United States,84115,INDIVIDUAL_DEALER,FRANCHISE_DEALER,"3535, South State Street",Salt Lake County,"{""lat"":40.6937794,""lng"":-111.8872519}"
cdccc2028d,9a5f6bcc0,Marthaler Honda,Marthaler Honda,marthalerhonda.com,vishal.singh1@spyne.ai,Studio Live,Owatonna,,Minnesota,United States,55060,INDIVIDUAL_DEALER,INDEPENDENT_DEALER,2500 State Avenue NW,,"{""lat"":44.0895803,""lng"":-93.2363454}"
cba8439e5a,390ea2707,Ashland Honda Toyota Scion,Marthaler Honda of Ashland,ashlandhondatoyota.com,abhijeet.mitra@spyne.ai,Studio Live,Ashland,,Wisconsin,United States,54806,INDIVIDUAL_DEALER,FRANCHISE_DEALER,2301 Lake Shore Drive E.,,"{""lat"":46.6043526,""lng"":-90.8568051}"
0ee55aacc6,5a3805c98,Honda_1,McCurley Dealerships,mccurleyhonda.com,ishika.arora@spyne.ai,Studio Live,Richland,,Washington,United States,99352,GROUP_DEALER,FRANCHISE_DEALER,1775 Fowler Street,,"{""lat"":46.2336602,""lng"":-119.2209171}"
7bf89c37-6,5a3805c98,Mazda Chevrolet Cadillac,McCurley Dealerships,mccurleymazda.com,ishika.arora@spyne.ai,Studio Live,Pasco,,Washington,United States,99301,GROUP_DEALER,FRANCHISE_DEALER,1325 N Autoplex Way,,"{""lat"":46.2404626,""lng"":-119.1319358}"
5baaaa13-6,5a3805c98,Mercedes Benz,McCurley Dealerships,mercedesbenzoftricities.com,ishika.arora@spyne.ai,Studio Live,Kennewick,,Washington,United States,99336,GROUP_DEALER,FRANCHISE_DEALER,6901 W Clearwater Ave,,"{""lat"":46.210214,""lng"":-119.214617}"
c2be1372-0,5a3805c98,Subaru,McCurley Dealerships,mccurleysubaru.com,ishika.arora@spyne.ai,Studio Live,Pasco,,Washington,United States,99301,GROUP_DEALER,FRANCHISE_DEALER,9620 Sandifur Parkway,,"{""lat"":46.2780855,""lng"":-119.1584251}"
db5360a2-7,5a3805c98,Subaru Yakima,McCurley Dealerships,mccurleysubaruyakima.com,ishika.arora@spyne.ai,Studio Live,Union Gap,,Washington,United States,98903,GROUP_DEALER,FRANCHISE_DEALER,20 Adelyn Way,,"{""lat"":46.5573492,""lng"":-120.475063}"
60d1f60395,3e50d9d84,McDonald Chevrolet in Millington,McDonald Automotive Group,,aditya.kaul@spyne.ai,Vini Live,Millington,Tuscola County,Michigan,United States,48746,INDIVIDUAL_DEALER,FRANCHISE_DEALER,"9007, State Street",Tuscola County,"{""lat"":43.2739202,""lng"":-83.529647}"
49355ed19e,3e50d9d84,McDonald GMC Cadillac,McDonald Automotive Group,,aditya.kaul@spyne.ai,Vini Live,Saginaw,Saginaw County,Michigan,United States,48603,INDIVIDUAL_DEALER,FRANCHISE_DEALER,"5155, State Road",Saginaw County,"{""lat"":43.4372298,""lng"":-84.0459463}"
987d7cb5f5,acb5f83e1,Mcgrath Acura of Westmont,McGrath Acura of Westmont (Mcgrath Imports),acurabymcgrath.com,abhijeet.mitra@spyne.ai,Studio Live,Westmont,,Illinois,United States,60559,GROUP_DEALER,FRANCHISE_DEALER,400 E Ogden Ave,,"{""lat"":41.810325,""lng"":-87.966049}"
987d7cb5f5,acb5f83e1,Mcgrath Acura of Westmont,McGrath Acura of Westmont (Mcgrath Imports),acurabymcgrath.com,aditya.kaul@spyne.ai,Vini Live,Westmont,,Illinois,United States,60559,GROUP_DEALER,FRANCHISE_DEALER,400 E Ogden Ave,,"{""lat"":41.810325,""lng"":-87.966049}"
8cf177f3ae,8547641ba,McLeod Auto Sales,McLeod Auto Sales,mcleodautosales.com,prathamesh.prashant@spyne.ai,Studio Live,Killeen,Bell County,Texas,United States,76542,INDIVIDUAL_DEALER,INDEPENDENT_DEALER,"3405, East Stan Schlueter Loop",Bell County,"{""lat"":31.0699009,""lng"":-97.7145408}"
8bbdeb5ca6,d403d1975,Medgaarden's Southwest Sales Inc,Medgaarden's Southwest Sales Inc,swsalesinc.com,garvit.sharma@spyne.ai,Studio Live,Austin,,Minnesota,United States,55912,INDIVIDUAL_DEALER,INDEPENDENT_DEALER,1608 12th St SW,,"{""lat"":43.6523928,""lng"":-92.9899935}"
4727cbdcb5,fac737203,Mega Motors,Mega Motors,megamotorsga.com,prathamesh.prashant@spyne.ai,Studio Live,Marietta,Cobb County,Georgia,United States,30062,INDIVIDUAL_DEALER,INDEPENDENT_DEALER,"562, Cobb Parkway North",Cobb County,"{""lat"":33.9657142,""lng"":-84.533434}"
41a6d84b50,5febad274,Grupo Umuarama,Megadealer,,support@spyne.ai,Studio Live,Umuarama,Umuarama,Paraná,Brazil,87500-000,INDIVIDUAL_DEALER,INDEPENDENT_DEALER,Umuarama 87500-000,Umuarama,"{""lat"":-23.7627286,""lng"":-53.3119989}"
a9b9eff350,27429beda,Mercedes-Benz Country Hills,Mercedes-Benz Country Hills,,puneet.sharma@spyne.ai,Vini Onboarding,Calgary,Northeast Calgary,Alberta,Canada,T3N 1X1,INDIVIDUAL_DEALER,FRANCHISE_DEALER,2450 Country Hills Blvd NE,2450 Country Hills Blvd NE,"{""lat"":51.04473309999999,""lng"":-114.0718831}"
be90ab484d,4b8b865fd,Mercedes-Benz Of Columbus,Mercedes-Benz Of Columbus,mercedesbenzofcolumbus.com,sanyam.tyagi@spyne.ai,Studio Live,Columbus,Muscogee County,GA,United States,31909,INDIVIDUAL_DEALER,FRANCHISE_DEALER,"7470 Veterans Parkway, Columbus, GA 31909",,"{""lat"":32.4667107,""lng"":-84.9918962}"
341a56683a,dab960b7c,Mercedes-Benz of Arlington,Mercedes-Benz of Arlington,,jagrit@spyne.ai,Vini Churned,Arlington,,Virginia,USA,22203,INDIVIDUAL_DEALER,INDEPENDENT_DEALER,"585 N Glebe Rd, Arlington, VA","585 N Glebe Rd, Arlington, VA","{""lat"":38.8770173,""lng"":-77.1092121}"
8f59b8483b,e551635ea,Mercedes Benz of Foothill Ranch,Mercedes-Benz of Laguna Niguel,mblaguna.com,prabha.kumari@spyne.ai,Studio Live,Lake Forest,Orange County,California,United States,92610,GROUP_DEALER,FRANCHISE_DEALER,"81, Auto Center Drive","Foothill Ranch, Orange County","{""lat"":33.6757766,""lng"":-117.6592262}"
8f59b8483b,e551635ea,Mercedes Benz of Foothill Ranch,Mercedes-Benz of Laguna Niguel,mblaguna.com,prabha.kumari@spyne.ai,Vini Live,Lake Forest,Orange County,California,United States,92610,GROUP_DEALER,FRANCHISE_DEALER,"81, Auto Center Drive","Foothill Ranch, Orange County","{""lat"":33.6757766,""lng"":-117.6592262}"
f222a4f3ff,e551635ea,Mercedes Benz of Laguna Niguel,Mercedes-Benz of Laguna Niguel,mblaguna.com,prabha.kumari@spyne.ai,Studio Live,Laguna Niguel,Orange County,California,United States,92677,GROUP_DEALER,FRANCHISE_DEALER,"1, Star Drive",Orange County,"{""lat"":33.5448449,""lng"":-117.6752664}"
f222a4f3ff,e551635ea,Mercedes Benz of Laguna Niguel,Mercedes-Benz of Laguna Niguel,mblaguna.com,prabha.kumari@spyne.ai,Vini Live,Laguna Niguel,Orange County,California,United States,92677,GROUP_DEALER,FRANCHISE_DEALER,"1, Star Drive",Orange County,"{""lat"":33.5448449,""lng"":-117.6752664}"
7b753f02cb,2affb0f18,Mercedes-Benz of Portsmouth,Mercedes-Benz of Portsmouth,mbportsmouth.com,ankur.batra@spyne.ai,Studio Live,Greenland,,NH,USA,3840,INDIVIDUAL_DEALER,FRANCHISE_DEALER,309 Portsmouth Ave,309 Portsmouth Ave,"{""lat"":43.0421912,""lng"":-70.8248078}"
492fc951c,1c1f3cbe9,Berwyn Kia_Illinois,Meyer Imports DBA Berwyn Kia,berwynkia.com,abhijeet.mitra@spyne.ai,Studio Live,Berwyn,,Illinois,United States,60402,INDIVIDUAL_DEALER,FRANCHISE_DEALER,7050 Ogden Avenue,,"{""lat"":41.8243883,""lng"":-87.7995281}"
ad09f8c861,3f93217df,Miami Acura,Miami Acura,miamiacura.com,abhijeet.mitra@spyne.ai,Studio Live,Miami,,Florida,United States,33157,GROUP_DEALER,FRANCHISE_DEALER,16601 S Dixie Hwy,,"{""lat"":25.6158858,""lng"":-80.3457208}"
26d64020b,31e2b4caa,Midway Dodge,Midway Dodge,midwaydodge.com,vishal.singh1@spyne.ai,Studio Live,Chicago,,Illinois,United States,60632,INDIVIDUAL_DEALER,FRANCHISE_DEALER,4747 South Pulaski Road,,"{""lat"":41.806665,""lng"":-87.723438}"
add1ea095a,2ef168d30,Midwest Auto Group,Midwest Auto Group,midwestautohaus.com,prathamesh.prashant@spyne.ai,Studio Live,Skokie,Cook County,Illinois,United States,60077,INDIVIDUAL_DEALER,INDEPENDENT_DEALER,"5050, Dempster Street",Cook County,"{""lat"":42.0412168,""lng"":-87.7536648}"
817867f2c6,b32661a3d,Modern Auto sales,Modern Auto sales,modernautoaz.com,prathamesh.prashant@spyne.ai,Studio Live,Nashville,,Tennessee,United States,37211,INDIVIDUAL_DEALER,INDEPENDENT_DEALER,405 McNally Dr,,"{""lat"":36.0927116,""lng"":-86.7371048}"
a9af6e846,c8f835d67,Modern Classic Motors INC_1,Modern Classic Motors INC,mcmautos.com,vishal.singh1@spyne.ai,Studio Live,Grand Junction,,Colorado,United States,81505,GROUP_DEALER,INDEPENDENT_DEALER,975 Independent Ave,,"{""lat"":39.0804709,""lng"":-108.5814947}"
b78a6eaaba,c8f835d67,Modern Classic Motors INC_2,Modern Classic Motors INC,mcmautos.com,vishal.singh1@spyne.ai,Studio Live,Grand Junction,,Colorado,United States,81505,GROUP_DEALER,INDEPENDENT_DEALER,975 Independent Ave,,"{""lat"":39.0804709,""lng"":-108.5814947}"
cefa46ba5c,48cf942f5,Moffitt's Ford,Moffitt's Ford,moffittsford.com,sanyam.tyagi@spyne.ai,Studio Live,Boone,,Iowa,United States,50036,INDIVIDUAL_DEALER,FRANCHISE_DEALER,"Moffitt's Ford 1819 SE Marshall Boone, IA 50036",,"{""lat"":42.0359444,""lng"":-93.8649298}"
a5a3357ebf,6858bd107,Momentum Motor Group,Momentum Motor Group,mmgsc.us,prathamesh.prashant@spyne.ai,Studio Churned,Lancaster,,South Carolina,United States,29720,INDIVIDUAL_DEALER,INDEPENDENT_DEALER,3663 CHARLOTTE HWY,,"{""lat"":34.8138841,""lng"":-80.8011513}"
c83d3968d,5050e8479,Moore Motor Sales,Moore Motor Sales,themooreautogroup.com,sanyam.tyagi@spyne.ai,Studio Live,Caro,,Michigan,United States,48723,INDIVIDUAL_DEALER,FRANCHISE_DEALER,1725 West Caro Road,,"{""lat"":43.4718302,""lng"":-83.4188665}"
a504146e05,1953dbe6b,Moses BMW,Moses Auto Group,mosesbmw.com,ishika.arora@spyne.ai,Studio Live,Saint Albans,Kanawha County,West Virginia,United States,25177,INDIVIDUAL_DEALER,FRANCHISE_DEALER,"2001, MacCorkle Avenue Southwest",Kanawha County,"{""lat"":38.3864545,""lng"":-81.814239}"
0bf14ac152,1953dbe6b,Moses Cadillac of Charleston,Moses Auto Group,mosescadillacofcharleston.com,ishika.arora@spyne.ai,Studio Live,Charleston,Kanawha County,West Virginia,United States,25301,INDIVIDUAL_DEALER,FRANCHISE_DEALER,"1406, Washington Street East",Kanawha County,"{""lat"":38.3458831,""lng"":-81.62489339999999}"
c79788af68,1953dbe6b,Moses Chevrolet,Moses Auto Group,moseschevrolet.com,ishika.arora@spyne.ai,Studio Live,Saint Albans,Kanawha County,West Virginia,United States,25177,INDIVIDUAL_DEALER,FRANCHISE_DEALER,"516, MacCorkle Avenue Southwest",Kanawha County,"{""lat"":38.3896096,""lng"":-81.83053470000002}"
7c12aae516,1953dbe6b,Moses Factory Outlet,Moses Auto Group,mosesfocorridorg.com,ishika.arora@spyne.ai,Studio Live,Charleston,Kanawha County,West Virginia,United States,25309,INDIVIDUAL_DEALER,FRANCHISE_DEALER,"100, Preferred Place",Kanawha County,"{""lat"":38.3190782,""lng"":-81.7203864}"
cd798a1470,1953dbe6b,Moses Factory outlet Teays Valley,Moses Auto Group,mosesfoteaysvalley.com,ishika.arora@spyne.ai,Studio Live,Hurricane,Putnam County,West Virginia,United States,25526,INDIVIDUAL_DEALER,INDEPENDENT_DEALER,"700, Liberty Park Drive",Putnam County,"{""lat"":38.4560935,""lng"":-81.9292909}"
09a964b8dc,1953dbe6b,Moses Ford,Moses Auto Group,,ishika.arora@spyne.ai,Studio Live,Saint Albans,Kanawha County,West Virginia,United States,25177,INDIVIDUAL_DEALER,FRANCHISE_DEALER,"2001, MacCorkle Avenue Southwest",Kanawha County,"{""lat"":38.3862368,""lng"":-81.8132323}"
d01c8bec99,1953dbe6b,Moses GMC of Charleston,Moses Auto Group,mosesdowntown.com,ishika.arora@spyne.ai,Studio Live,Charleston,Kanawha County,West Virginia,United States,25301,INDIVIDUAL_DEALER,FRANCHISE_DEALER,"1406, Washington Street East",Kanawha County,"{""lat"":38.3451298,""lng"":-81.62417459999999}"
63fe4ce3a4,1953dbe6b,Moses Honda,Moses Auto Group,moseshonda.com,ishika.arora@spyne.ai,Studio Live,Huntington,Wayne County,West Virginia,United States,25704,INDIVIDUAL_DEALER,FRANCHISE_DEALER,"3315, U.S. 60",Wayne County,"{""lat"":38.4027305,""lng"":-82.50504389999999}"
8670913cc6,1953dbe6b,Moses Lincoln,Moses Auto Group,moseslincoln.com,ishika.arora@spyne.ai,Studio Live,Saint Albans,Kanawha County,West Virginia,United States,25177,INDIVIDUAL_DEALER,FRANCHISE_DEALER,"1956, MacCorkle Avenue",Kanawha County,"{""lat"":38.3868411,""lng"":-81.8144466}"
37fd01597e,1953dbe6b,Moses Used Super Center Inventory,Moses Auto Group,,ishika.arora@spyne.ai,Studio Live,Saint Albans,Kanawha County,West Virginia,United States,25177,INDIVIDUAL_DEALER,FRANCHISE_DEALER,"516, MacCorkle Avenue Southwest",Kanawha County,"{""lat"":38.3896096,""lng"":-81.83053470000002}"
fbaa3251ac,1953dbe6b,Moses Volkswagen,Moses Auto Group,mosesvolkswagen.com,ishika.arora@spyne.ai,Studio Live,Huntington,Wayne County,West Virginia,United States,25704,INDIVIDUAL_DEALER,FRANCHISE_DEALER,"3315, U.S. 60",Wayne County,"{""lat"":38.4027305,""lng"":-82.50504389999999}"
ecd1c5ae9a,81e4c0fbe,Mossy Motors,Mossy Motors,mossymotors.com,sanyam.tyagi@spyne.ai,Studio Live,New Orleans,,Louisiana,United States,70125,INDIVIDUAL_DEALER,FRANCHISE_DEALER,1331 S Broad St,,"{""lat"":29.953095,""lng"":-90.0978576}"
7323cebbef,a9e3dc574,Motorline Auto Group,Motorline Auto Group,motorlineautogroup.com,prathamesh.prashant@spyne.ai,Studio Churned,Burlington,Regional Municipality of Halton,Ontario,Canada,L7L 4X9,INDIVIDUAL_DEALER,INDEPENDENT_DEALER,"1100, Heritage Road",Regional Municipality of Halton,"{""lat"":43.3752867,""lng"":-79.784629}"
b9b3ad5d-a,d8dd768a0,Beechmont Ford,Mt Orab Chevy,mtorabcdjr.com,jaspreet.kaur@spyne.ai,Studio Live,Cincinnati,,Ohio,United States,45245,GROUP_DEALER,FRANCHISE_DEALER,600 Ohio Pike,,"{""lat"":39.0668216,""lng"":-84.2965242}"
a6427f23-f,d8dd768a0,Mt. Orab Chrysler Dodge Jeep Ram,Mt Orab Chevy,mtorabcdjr.com,jaspreet.kaur@spyne.ai,Studio Live,Mt Orab,,Ohio,United States,45154,GROUP_DEALER,FRANCHISE_DEALER,110 Gabbard Wy,,"{""lat"":39.0275659,""lng"":-83.919652}"
bb48184a-8,d8dd768a0,Mt. Orab Ford,Mt Orab Chevy,mtorabcdjr.com,jaspreet.kaur@spyne.ai,Studio Live,Mount Orab,,Ohio,United States,45154,GROUP_DEALER,FRANCHISE_DEALER,200 Gabbard Way,,"{""lat"":39.0275659,""lng"":-83.919652}"
f38e3cce-9,d8dd768a0,Queen City Ford,Mt Orab Chevy,mtorabcdjr.com,jaspreet.kaur@spyne.ai,Studio Live,Cincinnati,,Ohio,United States,45232,GROUP_DEALER,FRANCHISE_DEALER,235 W Mitchell Ave,,"{""lat"":39.1646767,""lng"":-84.5116616}"
9131b8d648,d8dd768a0,Team 1,Mt Orab Chevy,mtorabcdjr.com,jaspreet.kaur@spyne.ai,Studio Live,Mount Orab,,Ohio,United States,45154,GROUP_DEALER,FRANCHISE_DEALER,210 GABBARD WAY,,"{""lat"":39.0429679,""lng"":-83.9288824}"
810fbe6774,b01c03e40,NJ Auto Haus,NJ Auto Haus,autohausnj.com,garvit.sharma@spyne.ai,Studio Live,Elizabeth,,New Jersey,United States,7202,INDIVIDUAL_DEALER,INDEPENDENT_DEALER,500 S Broad St Elizabeth,,"{""lat"":40.652739,""lng"":-74.21581}"
ca5a749fc2,301e65a85,Nachbar Automotive,Nachbar Automotive,nachbarautomotive.com,vishal.singh1@spyne.ai,Studio Churned,shawnee,,Kansas,United States,66218,INDIVIDUAL_DEALER,INDEPENDENT_DEALER,6615 Woodland Dr,,"{""lat"":39.0085394,""lng"":-94.8251492}"
a32ba767c6,cb2f7ca0c,Navarre Premium select,Navarre Premium select,,manpreet.kaur@spyne.ai,Studio Churned,Lake Charles,Calcasieu Parish,Louisiana,United States,70601,INDIVIDUAL_DEALER,FRANCHISE_DEALER,"101, West Prien Lake Road",Calcasieu Parish,"{""lat"":30.1978595,""lng"":-93.2190615}"
07cfabfe0,583e6c743,Nelson Automotive Inc,Nelson Automotive Inc,heycars.com,garvit.sharma@spyne.ai,Studio Live,Mt Prospect,,Illinois,United States,60056,INDIVIDUAL_DEALER,INDEPENDENT_DEALER,333 W Rand,,"{""lat"":42.0806047,""lng"":-87.9359011}"
018fdd8c8b,65027084d,New Deal Pre-Owned Auto,New Deal Pre-Owned Autos,phoenixusedauto.com,avinash.jha@spyne.ai,Studio Live,Glendale,,Arizona,United States,85301,INDIVIDUAL_DEALER,INDEPENDENT_DEALER,4611 W Glendale Ave,,"{""lat"":33.5372726,""lng"":-112.1589637}"
8a7bef64-5,65027084d,Runway Auto,New Deal Pre-Owned Autos,runwayautoaz.com,avinash.jha@spyne.ai,Studio Live,Phoenix,,Arizona,United States,85027,INDIVIDUAL_DEALER,INDEPENDENT_DEALER,22198 North 19TH Ave,,"{""lat"":33.687287,""lng"":-112.099995}"
eb8ad48cf7,6adaaa143,Newport Beach Automotive Group,Newport Beach Automotive Group,newportbeachautomotivegroup.com,prathamesh.prashant@spyne.ai,Studio Live,Irvine,Orange County,California,United States,92618,INDIVIDUAL_DEALER,INDEPENDENT_DEALER,"44, Auto Center Drive","Irvine Industrial Complex-East, Orange County","{""lat"":33.6331547,""lng"":-117.7221276}"
08fb4fb3c,ccf080137,Noblesville Imports,Noblesville Imports,noblesvilleimports.com,garvit.sharma@spyne.ai,Studio Live,Noblesville,,Indiana,United States,46060,INDIVIDUAL_DEALER,INDEPENDENT_DEALER,12226 Greenfield Avenue,,"{""lat"":40.0067994,""lng"":-85.948709}"
494b6e7ff8,d49ba90cf,Lotus of North Jersey,North Jersey Automotive,lotusnj.com,sanyam.tyagi@spyne.ai,Studio Live,Summit,Union County,New Jersey,United States,7901,INDIVIDUAL_DEALER,FRANCHISE_DEALER,"36, River Road",Union County,"{""lat"":40.7297868,""lng"":-74.376779}"
f6d695c3f0,f50cfab3a,North Park Lincoln,North Park Lincoln,,avinash.jha@spyne.ai,Studio Live,San Antonio,Bexar County,Texas,United States,78216,INDIVIDUAL_DEALER,FRANCHISE_DEALER,"9207, San Pedro Avenue","San Antonio International Airport Vicinity, Bexar County","{""lat"":29.524148,""lng"":-98.5002365}"
d7d2331c0e,f50cfab3a,North Park Lincoln at Dominion,North Park Lincoln,,avinash.jha@spyne.ai,Studio Live,San Antonio,Bexar County,Texas,United States,78216,INDIVIDUAL_DEALER,FRANCHISE_DEALER,"9207, San Pedro Avenue","San Antonio International Airport Vicinity, Bexar County","{""lat"":29.524148,""lng"":-98.5002365}"
2601588d2e,c58c32be2,Northtown Subaru,NorthTown Automotive,northtownsubaru.com,aman.seth@spyne.ai,Studio Live,Amherst,Erie County,New York,United States,14226,INDIVIDUAL_DEALER,FRANCHISE_DEALER,"3930, Sheridan Drive",Erie County,"{""lat"":42.979508,""lng"":-78.78786699999999}"
faa8dce650,c58c32be2,Northtown Volkswagen,NorthTown Automotive,northtownvw.com,aman.seth@spyne.ai,Studio Live,Buffalo,Erie County,New York,United States,14226,INDIVIDUAL_DEALER,FRANCHISE_DEALER,"3800, Sheridan Drive",Erie County,"{""lat"":42.979417,""lng"":-78.79289299999999}"
e3cd15b54e,c58c32be2,Subaru Transit,NorthTown Automotive,fsdf.co,aman.seth@spyne.ai,Studio Live,Depew,Erie County,New York,United States,14043,INDIVIDUAL_DEALER,FRANCHISE_DEALER,"6374, Transit Road",Erie County,"{""lat"":42.931368,""lng"":-78.697935}"
87e2b1df31,c1a8d463e,Northgate Auto company LLC,Northgate Auto company LLC,northgateautocompanyllc.com,manpreet.kaur@spyne.ai,Studio Churned,Dallas,,Texas,United States,75217,INDIVIDUAL_DEALER,INDEPENDENT_DEALER,535 S Buckner Blvd,,"{""lat"":32.7203904,""lng"":-96.683172}"
9ef1a37686,0453330d6,Northside Auto Sales,Northside Auto Sales,northsideauto.com,prathamesh.prashant@spyne.ai,Studio Live,Greer,Greenville County,South Carolina,United States,29650,INDIVIDUAL_DEALER,INDEPENDENT_DEALER,"1342, West Wade Hampton Boulevard",Greenville County,"{""lat"":34.9407584,""lng"":-82.2641197}"
300884b8f6,0d1f288be,Heights Nissan,Northstar Kia,heightsnissan.com,abhijeet.mitra@spyne.ai,Studio Live,Jackson Heights,,New York,United States,11372,INDIVIDUAL_DEALER,FRANCHISE_DEALER,74-15 Northern Boulevard,,"{""lat"":40.7553118,""lng"":-73.8922287}"
2ace97c8c0,0d1f288be,Northstar Kia,Northstar Kia,northstarkiany.com,abhijeet.mitra@spyne.ai,Studio Live,Woodside,,New York,United States,11377,GROUP_DEALER,FRANCHISE_DEALER,61-07 Northern Blvd,,"{""lat"":40.7542429,""lng"":-73.9008297}"
40112599f0,0d1f288be,Northstar Mitsubishi,Northstar Kia,northstarmitsubishi.com,abhijeet.mitra@spyne.ai,Studio Live,Long Island City,,New York,United States,11101,GROUP_DEALER,FRANCHISE_DEALER,46-05 Northern Blvd,,"{""lat"":40.7519523,""lng"":-73.9322794}"
d9cbca2481,af4625a1f,Northwest Indiana Auto Finance,Northwest Indiana Auto Finance,northwestindianaautofinance.com,sanyam.tyagi@spyne.ai,Studio Live,Valparaiso,,Indiana,United States,46385,INDIVIDUAL_DEALER,FRANCHISE_DEALER,401 West U.S. Highway,,"{""lat"":41.5506147,""lng"":-87.1440865}"
a424b123c8,bf869b5c8,Nyle Maxwell CDJR of Taylor,Nyle Maxwell CDJR Taylor,,ishika.arora@spyne.ai,Studio Live,Taylor,Williamson County,Texas,United States,76574,INDIVIDUAL_DEALER,FRANCHISE_DEALER,U.S. 79,Williamson County,"{""lat"":30.5621363,""lng"":-97.4311573}"
6e704231cb,8d5afbfea,"Ohio Specialty Services, LTD.","Ohio Specialty Services, LTD.",ohiospecialty.com,prathamesh.prashant@spyne.ai,Studio Live,Bucyrus,,Ohio,United States,44820,INDIVIDUAL_DEALER,INDEPENDENT_DEALER,1825 E Mansfield St,,"{""lat"":40.812554,""lng"":-82.9505943}"
9af50556b9,8e01fd835,OLSON CHEVROLET,Olson Chevrolet,olsonchevrolet.com,ankur.batra@spyne.ai,Studio Live,Redwood Falls,,Minnesota,United States,56283,GROUP_DEALER,FRANCHISE_DEALER,1300 E Bridge St,,"{""lat"":44.5407601,""lng"":-95.0950284}"
a0bc2ae641,8e01fd835,Olson Chevrolet- Hutchison,Olson Chevrolet,,ankur.batra@spyne.ai,Studio Live,Hutchinson,,Minnesota,United States,55350,GROUP_DEALER,FRANCHISE_DEALER,525 MN-7,,"{""lat"":44.8961458,""lng"":-94.352107}"
432257cd02,21de286e9,Acura of Paragon,Paragon Motors of Woodside Inc dba Paragon Honda,paragonhonda.com,ankur.batra@spyne.ai,Studio Live,Woodside,,New York,United States,11377,INDIVIDUAL_DEALER,FRANCHISE_DEALER,56-02 Northern Blvd,,"{""lat"":40.7531417,""lng"":-73.9046989}"
432257cd02,21de286e9,Acura of Paragon,Paragon Motors of Woodside Inc dba Paragon Honda,paragonhonda.com,deepanshu.agarwal@spyne.ai,Vini Live,Woodside,,New York,United States,11377,INDIVIDUAL_DEALER,FRANCHISE_DEALER,56-02 Northern Blvd,,"{""lat"":40.7531417,""lng"":-73.9046989}"
7888a46e-e,21de286e9,Honda CI_1,Paragon Motors of Woodside Inc dba Paragon Honda,paragonhonda.com,ankur.batra@spyne.ai,Studio Live,Woodside,,New York,United States,11377,INDIVIDUAL_DEALER,FRANCHISE_DEALER,57-02 Northern Blvd,,"{""lat"":40.7534987,""lng"":-73.903538}"
7888a46e-e,21de286e9,Honda CI_1,Paragon Motors of Woodside Inc dba Paragon Honda,paragonhonda.com,deepanshu.agarwal@spyne.ai,Vini Live,Woodside,,New York,United States,11377,INDIVIDUAL_DEALER,FRANCHISE_DEALER,57-02 Northern Blvd,,"{""lat"":40.7534987,""lng"":-73.903538}"
e9e19bca63,21de286e9,Paragon Acura,Paragon Motors of Woodside Inc dba Paragon Honda,,deepanshu.agarwal@spyne.ai,Vini Live,Queens,Queens County,New York,United States,11377,GROUP_DEALER,FRANCHISE_DEALER,"33-40, 57th Street","Woodside, Queens County","{""lat"":40.752792,""lng"":-73.9043165}"
5895de05b,21de286e9,Paragon Honda,Paragon Motors of Woodside Inc dba Paragon Honda,paragonhonda.com,ankur.batra@spyne.ai,Studio Live,Queens,Queens County,New York,United States,11377,INDIVIDUAL_DEALER,FRANCHISE_DEALER,"57-02, Northern Boulevard","Woodside, Queens County","{""lat"":40.7534052,""lng"":-73.9036027}"
5895de05b,21de286e9,Paragon Honda,Paragon Motors of Woodside Inc dba Paragon Honda,paragonhonda.com,deepanshu.agarwal@spyne.ai,Vini Live,Queens,Queens County,New York,United States,11377,INDIVIDUAL_DEALER,FRANCHISE_DEALER,"57-02, Northern Boulevard","Woodside, Queens County","{""lat"":40.7534052,""lng"":-73.9036027}"
bfb4ed22b,32aa2472d,Bishop Maserati,Park Cities Chrysler Dodge Jeep Ram Fiat & Bishop,carvanacdjrofparkcities.com,jaspreet.kaur@spyne.ai,Studio Churned,Dallas,,Texas,United States,75235,GROUP_DEALER,FRANCHISE_DEALER,2800 W Mockingbird Ln,,"{""lat"":32.8303334,""lng"":-96.8402928}"
3f19ec75a,32aa2472d,Park Cities,Park Cities Chrysler Dodge Jeep Ram Fiat & Bishop,carvanacdjrofparkcities.com,jaspreet.kaur@spyne.ai,Studio Churned,Dallas,,Texas,United States,75235,GROUP_DEALER,FRANCHISE_DEALER,2800 W Mockingbird Ln,,"{""lat"":32.8303334,""lng"":-96.8402928}"
e7c8895e14,c9ad8d13f,New eVN,Parks Chevrolet Richmond,parksrichmond.com,ankur.batra@spyne.ai,Studio Live,Richmond,,Virginia,United States,23230,GROUP_DEALER,FRANCHISE_DEALER,"4502 W Broad Street, Richmond, VA",,"{""lat"":37.5781582,""lng"":-77.486981}"
4e68f3f1-f,c9ad8d13f,Used VAuto,Parks Chevrolet Richmond,parksrichmond.com,ankur.batra@spyne.ai,Studio Live,Richmond,,Virginia,United States,23230,GROUP_DEALER,FRANCHISE_DEALER,"4502 W Broad Street, Richmond, VA",,"{""lat"":37.5781582,""lng"":-77.486981}"
a829d24542,e94c8b43a,Parkway Auto Center,Parkway Auto Center,parkwayautocenter.gotgoodcars.com,garvit.sharma@spyne.ai,Studio Future Churn,Deer Park,,Washington,United States,99006,INDIVIDUAL_DEALER,INDEPENDENT_DEALER,1121 Frontage Rd,,"{""lat"":47.9412422,""lng"":-117.4737243}"
affde326cf,9979baabd,Pearcy Auto Sales,"Pearcy Auto Sales, Inc.",pearcyauto.com,garvit.sharma@spyne.ai,Studio Churned,West Memphis,,Arkansas,United States,72301,INDIVIDUAL_DEALER,INDEPENDENT_DEALER,3500 E Broadway St.,,"{""lat"":35.1469459,""lng"":-90.1424102}"
b7ceaf4923,b9eeb4ac3,Pee Dee Auto Sales,Pee Dee Auto Sales,peedeeauto.com,garvit.sharma@spyne.ai,Studio Live,Florence,,South Carolina,United States,29506,INDIVIDUAL_DEALER,INDEPENDENT_DEALER,2407 E Palmetto ST,,"{""lat"":34.1967706,""lng"":-79.7225253}"
52a8fbb6e7,61233f3b2,Perfection wheels,Perfection Auto Detailing & Wheels,perfectionauto.net,manpreet.kaur@spyne.ai,Studio Churned,Bloomington,,Illinois,United States,61705,INDIVIDUAL_DEALER,INDEPENDENT_DEALER,919 Thor Dr,,"{""lat"":40.4856089,""lng"":-89.0552501}"
ca20658c-3,a45469aae,Bolton Nissan New,Performance Auto Group,,abhijeet.mitra@spyne.ai,Studio Live,Brampton,Bolton,Ontario,Canada,L7E 4E9,GROUP_DEALER,FRANCHISE_DEALER,71 Pillsworth Rd,,"{""lat"":43.68816899999999,""lng"":-79.763015}"
f230271d-5,a45469aae,Bolton Nissan Used,Performance Auto Group,subaruofbrampton.ca,abhijeet.mitra@spyne.ai,Studio Live,Brampton,Bolton,ON,Canada,L7E 4E9,GROUP_DEALER,FRANCHISE_DEALER,71 Pillsworth Rd,,"{""lat"":43.68816899999999,""lng"":-79.763015}"
10f9bd4f92,a45469aae,Performance BMW New,Performance Auto Group,,abhijeet.mitra@spyne.ai,Studio Live,St. Catharines,,Ontario,Canada,L2N 4H1,GROUP_DEALER,FRANCHISE_DEALER,266 Lake Street,,"{""lat"":44.4886619,""lng"":-81.3834745}"
aa7488707b,a45469aae,Performance Chrysler New,Performance Auto Group,,abhijeet.mitra@spyne.ai,Studio Live,St. Catharines,,Ontario,Canada,L2R 5L3,GROUP_DEALER,FRANCHISE_DEALER,357 Ontario Street,,"{""lat"":43.173159,""lng"":-79.2657435}"
8c98f502be,a45469aae,Performance Chrysler Used,Performance Auto Group,,abhijeet.mitra@spyne.ai,Studio Live,St. Catharines,,Ontario,Canada,L2R 5L3,GROUP_DEALER,FRANCHISE_DEALER,357 Ontario Street,,"{""lat"":43.173159,""lng"":-79.2657435}"
150777be97,a45469aae,Performance Toyota New,Performance Auto Group,,abhijeet.mitra@spyne.ai,Studio Live,Brampton,,Ontario,Canada,L7A 1A4,GROUP_DEALER,FRANCHISE_DEALER,"105 Van Kirk Dr, Brampton, ON L7A 1A4, Brampton, Ontario, United States, L7A 1A4",,"{""lat"":43.7078265,""lng"":-79.8028762}"
6398373b54,a45469aae,Performance Toyota Used,Performance Auto Group,,abhijeet.mitra@spyne.ai,Studio Live,Brampton,,Ontario,Canada,L7A 1A4,GROUP_DEALER,FRANCHISE_DEALER,"105 Van Kirk Dr, Brampton, ON L7A 1A4, Brampton, Ontario, United States, L7A 1A4",,"{""lat"":43.7078265,""lng"":-79.8028762}"
8c963187-2,a45469aae,Planet Ford Used,Performance Auto Group,subaruofbrampton.ca,abhijeet.mitra@spyne.ai,Studio Live,Brampton,,Ontario,Canada,L7A 1G1,GROUP_DEALER,FRANCHISE_DEALER,111 Canam Crescent,,"{""lat"":43.701692,""lng"":-79.7948493}"
4fd2ab2b17,a45469aae,Precision Honda New,Performance Auto Group,,abhijeet.mitra@spyne.ai,Studio Live,Mississauga,,Ontario,Canada,L5A 1W9,INDIVIDUAL_DEALER,FRANCHISE_DEALER,230 Dundas Street East,,"{""lat"":43.5850218,""lng"":-79.6107124}"
ffe754bc8e,a45469aae,Precision Honda Used,Performance Auto Group,,abhijeet.mitra@spyne.ai,Studio Live,Mississauga,,Ontario,Canada,L5A 1W9,INDIVIDUAL_DEALER,FRANCHISE_DEALER,230 Dundas Street East,,"{""lat"":43.5850218,""lng"":-79.6107124}"
b6ea70b8-a,65c97c6aa,Honda Fairfield,Performance Automotive Network,performancefordbountiful.com,jaspreet.kaur@spyne.ai,Studio Live,Fairfield,,Ohio,United States,45014,INDIVIDUAL_DEALER,FRANCHISE_DEALER,5760 Dixie Hwy,,"{""lat"":39.290839,""lng"":-84.3089923}"
eec501b1ea,4beaa71ca,Perkins Motors,Perkins Motors,perkinsmotors.com,vishal.singh1@spyne.ai,Studio Live,Colorado Springs,,Colorado,United States,80905,INDIVIDUAL_DEALER,FRANCHISE_DEALER,1205 Motor City Dr.,,"{""lat"":38.8176455,""lng"":-104.833296}"
ced20d261,b05fa7383,Petersen CDJR_2,Petersen CDJR,drivepetersen.com,sanyam.tyagi@spyne.ai,Studio Live,Waupaca,,Wisconsin,United States,54981,INDIVIDUAL_DEALER,FRANCHISE_DEALER,1407 Royalton St,,"{""lat"":44.3514767,""lng"":-89.0675533}"
f4b267f9e4,f191f4818,Pinegar Chevrolet Buick GMC of Branson,Pinegar Buick GMC of Branson,,sudansh.tiruwa@spyne.ai,Vini Live,Branson,Taney County,Missouri,United States,65616,INDIVIDUAL_DEALER,INDEPENDENT_DEALER,"163, Adair Road",Taney County,"{""lat"":36.7137286,""lng"":-93.2223814}"
0851cb26d3,f0a3aeb41,Leo Payne Honda,"Planet Honda, Planet Hyundai, Leo Payne Honda & Ge",leopaynehonda.com,ishika.arora@spyne.ai,Studio Live,Ellisville,,Missouri,United States,63011,GROUP_DEALER,FRANCHISE_DEALER,15532 Manchester Rd,,"{""lat"":38.5917542,""lng"":-90.5701564}"
4d4afdff-e,f0a3aeb41,Planet Honda,"Planet Honda, Planet Hyundai, Leo Payne Honda & Ge",planethonda.com,ishika.arora@spyne.ai,Studio Live,Golden,,Colorado,United States,80401,GROUP_DEALER,FRANCHISE_DEALER,15701 W Colfax Ave,,"{""lat"":39.7300941,""lng"":-105.1771513}"
7a6fbcfa-5,f0a3aeb41,Planet Hyundai,"Planet Honda, Planet Hyundai, Leo Payne Honda & Ge",planethyundai.com,ishika.arora@spyne.ai,Studio Live,Golden,,Colorado,United States,80401,GROUP_DEALER,FRANCHISE_DEALER,15601 W Colfax Ave,,"{""lat"":39.7304972,""lng"":-105.1755054}"
d38a593096,de9ab5978,Plaza Toyota,Plaza Auto Mall,,,Vini Onboarding,Brooklyn,Kings County,New York,United States,11210,INDIVIDUAL_DEALER,FRANCHISE_DEALER,"2721, Nostrand Avenue","Flatlands, Kings County","{""lat"":40.6181775,""lng"":-73.9449585}"
ca93250465,f56cc4fc5,Pointe Buick Gmc_2,Pointe Buick Gmc,pointegmc.com,vishal.singh1@spyne.ai,Studio Churned,Penns Grove,,New Jersey,United States,8069,INDIVIDUAL_DEALER,FRANCHISE_DEALER,91 N Virginia Ave,,"{""lat"":39.7300689,""lng"":-75.4610792}"
7916f87609,65ebbb271,Portsmouth Ford,Portsmouth Ford Lincoln,,abhijeet.mitra@spyne.ai,Studio Live,Portsmouth,Rockingham County,New Hampshire,United States,3801,GROUP_DEALER,FRANCHISE_DEALER,New Hampshire 16,Rockingham County,"{""lat"":43.0837835,""lng"":-70.7931832}"
c708b1456f,65ebbb271,Portsmouth Used car,Portsmouth Ford Lincoln,,abhijeet.mitra@spyne.ai,Studio Live,Portsmouth,Rockingham County,New Hampshire,United States,3801,GROUP_DEALER,FRANCHISE_DEALER,"180, Mirona Road",Rockingham County,"{""lat"":43.048558,""lng"":-70.772095}"
fd776896bb,65ebbb271,Wiscasset Ford,Portsmouth Ford Lincoln,,abhijeet.mitra@spyne.ai,Studio Live,Wiscasset,Lincoln County,Maine,United States,4578,GROUP_DEALER,FRANCHISE_DEALER,"378, Bath Road",Lincoln County,"{""lat"":43.9884946,""lng"":-69.6915478}"
3f08f86e4d,87afb1c14,Post Oak Toyota,Post Oak Toyota,postoaktoyota.com,sanyam.tyagi@spyne.ai,Studio Live,Midwest City,Oklahoma County,Oklahoma,United States,73110,GROUP_DEALER,FRANCHISE_DEALER,"5800, Tinker Diagonal",Oklahoma County,"{""lat"":35.442088013569744,""lng"":-97.42030475866916}"
db07676d5,f2bcf9909,Prestige Auto Sales,Prestige Auto Sales,prestigeautoms.com,garvit.sharma@spyne.ai,Studio Live,Ocala,,Florida,United States,34471,INDIVIDUAL_DEALER,INDEPENDENT_DEALER,2261 SW College Rd,,"{""lat"":29.1720143,""lng"":-82.1626192}"
6706348642,e80cf936b,Aberdeen Chevrolet,Preston Motor Automotive Group,prestonchevy.com,ishika.arora@spyne.ai,Studio Live,Aberdeen,,Maryland,United States,21001,GROUP_DEALER,FRANCHISE_DEALER,101 N PHILADELPHIA BLVD,,"{""lat"":39.511595,""lng"":-76.1618431}"
8f13f397d3,e80cf936b,Boulevard Ford Lewes,Preston Motor Automotive Group,blvdford.com,ishika.arora@spyne.ai,Studio Live,Lewes,,Delaware,United States,19958,GROUP_DEALER,FRANCHISE_DEALER,18443 Coastal Hwy,,"{""lat"":38.7399126,""lng"":-75.144674}"
d0b31644db,e80cf936b,Boulevard Ford Millsboro,Preston Motor Automotive Group,,ishika.arora@spyne.ai,Studio Live,Millsboro,,Delaware,United States,19966,GROUP_DEALER,FRANCHISE_DEALER,28386 DuPont Blvd,,"{""lat"":38.5898583,""lng"":-75.3030471}"
3474e2f518,e80cf936b,Boulevard Lincoln,Preston Motor Automotive Group,boulevardlincoln.com,ishika.arora@spyne.ai,Studio Live,Millsboro,,Delaware,United States,19966,GROUP_DEALER,FRANCHISE_DEALER,250 Delaware Ave,,"{""lat"":38.589052,""lng"":-75.3055072}"
c8195283c6,e80cf936b,Pittsville Ford,Preston Motor Automotive Group,pittsvilleford.com,ishika.arora@spyne.ai,Studio Live,Pittsville,,Maryland,United States,21850,GROUP_DEALER,FRANCHISE_DEALER,7155 Friendship Road,,"{""lat"":38.3864522,""lng"":-75.4060068}"
a28e6fdb64,e80cf936b,Preston CDJR,Preston Motor Automotive Group,millsborocdjr.com,ishika.arora@spyne.ai,Studio Live,Millsboro,,Delaware,United States,19966,GROUP_DEALER,FRANCHISE_DEALER,28380 Dupont Blvd.,,"{""lat"":38.5899948,""lng"":-75.304807}"
9009c70067,e80cf936b,Preston CDJR Dover,Preston Motor Automotive Group,dovercdjr.com,ishika.arora@spyne.ai,Studio Live,Dover,,Delaware,United States,19904,GROUP_DEALER,FRANCHISE_DEALER,640 S. Governors Ave.,,"{""lat"":39.1513781,""lng"":-75.5249458}"
e5903f8280,e80cf936b,Preston CDJR Wilmington,Preston Motor Automotive Group,,ishika.arora@spyne.ai,Studio Live,Wilmington,,Delaware,United States,19808,GROUP_DEALER,FRANCHISE_DEALER,3807 Kirkwood Hwy,,"{""lat"":39.7320761,""lng"":-75.6425413}"
8498a845d3,e80cf936b,Preston Ford Aberdeen,Preston Motor Automotive Group,prestonfordaberdeen.com,ishika.arora@spyne.ai,Studio Live,Aberdeen,,Maryland,United States,21001,GROUP_DEALER,FRANCHISE_DEALER,505 S. Philadelphia Blvd.,,"{""lat"":39.5023487,""lng"":-76.1672388}"
0dd0f70d94,e80cf936b,Preston Ford Denton,Preston Motor Automotive Group,dentonford.com,ishika.arora@spyne.ai,Studio Live,Denton,,Maryland,United States,21629,GROUP_DEALER,FRANCHISE_DEALER,1207 Double Hills Rd,,"{""lat"":38.8658317,""lng"":-75.8231213}"
a5b9bf89b3,e80cf936b,Preston Ford Hurlock,Preston Motor Automotive Group,prestonford.com,ishika.arora@spyne.ai,Studio Live,Hurlock,,Maryland,United States,21643,GROUP_DEALER,FRANCHISE_DEALER,4313 Preston Road,,"{""lat"":38.6968999,""lng"":-75.8920487}"
4d1b951b5f,e80cf936b,Preston Ford Keller,Preston Motor Automotive Group,,ishika.arora@spyne.ai,Studio Live,Keller,,Virginia,United States,23401,GROUP_DEALER,FRANCHISE_DEALER,31066 Lankford Hwy,,"{""lat"":37.6189627,""lng"":-75.7639909}"
f219801e98,e80cf936b,Preston Ford West,Preston Motor Automotive Group,prestonfordwest.com,ishika.arora@spyne.ai,Studio Live,Randallstown,,Maryland,United States,21133,GROUP_DEALER,FRANCHISE_DEALER,9311 Liberty Road,,"{""lat"":39.372066,""lng"":-76.8071397}"
31a840bcc3,e80cf936b,Preston Hyundai,Preston Motor Automotive Group,prestonhyundaiusa.com,ishika.arora@spyne.ai,Studio Live,Hurlock,,Maryland,United States,21643,GROUP_DEALER,FRANCHISE_DEALER,4327 Preston Road,,"{""lat"":38.696016,""lng"":-75.890408}"
c8f797016f,e80cf936b,Preston Hyundai Millsboro,Preston Motor Automotive Group,,ishika.arora@spyne.ai,Studio Live,Millsboro,,Delaware,United States,19966,GROUP_DEALER,FRANCHISE_DEALER,"28362 Dupont Blvd,",,"{""lat"":38.590942,""lng"":-75.3084889}"
fc29f0386f,e80cf936b,Preston Mazda,Preston Motor Automotive Group,prestonmazda.com,ishika.arora@spyne.ai,Studio Live,Hurlock,,Maryland,United States,21643,GROUP_DEALER,FRANCHISE_DEALER,4309 Preston Road,,"{""lat"":38.696939,""lng"":-75.8921103}"
6c26562f22,e80cf936b,Preston Toyota Easton,Preston Motor Automotive Group,,ishika.arora@spyne.ai,Studio Live,Easton,,Maryland,United States,21601,GROUP_DEALER,FRANCHISE_DEALER,6730 Ocean Gateway,,"{""lat"":38.732931,""lng"":-76.0718148}"
d9d02250bc,3a42fb746,Princeton CDJR,Princeton Chevrolet GMC,cdjrofprinceton.com,avinash.jha@spyne.ai,Studio Live,Princeton,,New Jersey,United States,8540,GROUP_DEALER,FRANCHISE_DEALER,1045 State Rd,,"{""lat"":40.395807,""lng"":-74.65218}"
2b571a56cd,3a42fb746,Princeton GMC,Princeton Chevrolet GMC,princetonchevygmc.com,avinash.jha@spyne.ai,Studio Live,Princeton,,Illinois,United States,61356,GROUP_DEALER,FRANCHISE_DEALER,1402 N. Main Princeton,,"{""lat"":41.368092,""lng"":-89.4648145}"
fdec030155,f07925222,Principle BMW MINI  of San Antonio,Principle Automotive,,ritika.agarwal@spyne.ai,Vini Live,San Antonio,Bexar County,Texas,United States,78249,INDIVIDUAL_DEALER,FRANCHISE_DEALER,"15507, Interstate 10",Bexar County,"{""lat"":29.5835326,""lng"":-98.595647}"
321580e392,f07925222,Principle BMW of Corpus Christi,Principle Automotive,,ritika.agarwal@spyne.ai,Vini Live,Corpus Christi,Nueces County,Texas,United States,78412,INDIVIDUAL_DEALER,FRANCHISE_DEALER,"7601, South Padre Island Drive","South Side, Nueces County","{""lat"":27.6892656,""lng"":-97.3340608}"
1ac900c6bd,f07925222,Principle Hyundai Boerne,Principle Automotive,principlehyundaiboerne.com,ritika.agarwal@spyne.ai,Vini Live,Boerne,Kendall County,Texas,United States,78006,INDIVIDUAL_DEALER,FRANCHISE_DEALER,"32499, Interstate 10",Kendall County,"{""lat"":29.760254599580808,""lng"":-98.71194131042944}"
6a43d6d040,f07925222,Principle Toyota Memphis,Principle Automotive,,ritika.agarwal@spyne.ai,Vini Live,Memphis,Shelby County,Tennessee,United States,38125,INDIVIDUAL_DEALER,FRANCHISE_DEALER,"7370, Winchester Road","Buckingham Farms, Shelby County","{""lat"":35.0511971,""lng"":-89.81784479999999}"
8dce905e41,f07925222,Principle Volkswagen Grapevine,Principle Automotive,principlevwgrapevine.com,ritika.agarwal@spyne.ai,Vini Live,Grapevine,Tarrant County,Texas,United States,76051,INDIVIDUAL_DEALER,FRANCHISE_DEALER,"2351, William D Tate Avenue",Tarrant County,"{""lat"":32.9126025,""lng"":-97.0965051}"
2da34fbbe5,f07925222,Principle Volvo Cars San Antonio,Principle Automotive,principlevolvocarssanantonio.com,ritika.agarwal@spyne.ai,Vini Live,San Antonio,Bexar County,Texas,United States,78209,INDIVIDUAL_DEALER,FRANCHISE_DEALER,"1326, Northeast Interstate 410 Loop","Uptown Central, Bexar County","{""lat"":29.5152864,""lng"":-98.4469897}"
9f691d6d0,d4aac809f,Chrysler of Forest City ID,Pritchard Companies,pritchards.com,jaspreet.kaur@spyne.ai,Studio Live,Forest City,,Iowa,United States,50436,GROUP_DEALER,FRANCHISE_DEALER,1445 US Highway 69,,"{""lat"":43.2427309,""lng"":-93.6355551}"
2d745b74a,d4aac809f,Commercial Auto Fleet,Pritchard Companies,pritchards.com,jaspreet.kaur@spyne.ai,Studio Live,Mason City,,Iowa,United States,50401,GROUP_DEALER,FRANCHISE_DEALER,721 S Monroe Ave,,"{""lat"":43.1446882,""lng"":-93.208977}"
90094006a,d4aac809f,Forest City Auto Center ID,Pritchard Companies,pritchards.com,jaspreet.kaur@spyne.ai,Studio Live,Forest City,,Iowa,United States,50436,GROUP_DEALER,FRANCHISE_DEALER,826 US Highway 69,,"{""lat"":43.2718451,""lng"":-93.6350948}"
58a1729e9,d4aac809f,Pritchard Auto Center - Garner ID,Pritchard Companies,pritchards.com,jaspreet.kaur@spyne.ai,Studio Live,Garner,,Iowa,United States,50438,GROUP_DEALER,FRANCHISE_DEALER,50 State St,,"{""lat"":43.1052822,""lng"":-93.6022423}"
052bd2da1,d4aac809f,Pritchard Auto Company -Britt,Pritchard Companies,pritchards.com,jaspreet.kaur@spyne.ai,Studio Live,Britt,,Iowa,United States,50423,GROUP_DEALER,FRANCHISE_DEALER,980 Highway 18 East,,"{""lat"":43.1016806,""lng"":-93.7974286}"
b094e3206,d4aac809f,Pritchard Ford of Clear Lake,Pritchard Companies,pritchards.com,jaspreet.kaur@spyne.ai,Studio Live,Clear Lake,,Iowa,United States,50428,GROUP_DEALER,FRANCHISE_DEALER,3101 Willow Creek Court,,"{""lat"":43.1454133,""lng"":-93.3501479}"
986b0c893,d4aac809f,Pritchard Motor Company of Mason City,Pritchard Companies,pritchards.com,jaspreet.kaur@spyne.ai,Studio Live,Mason City,,Iowa,United States,50401,GROUP_DEALER,FRANCHISE_DEALER,721 S Monroe Ave,,"{""lat"":43.1446882,""lng"":-93.208977}"
9b7c0e33c,d4aac809f,Pritchards Lake Chevrolet ID,Pritchard Companies,pritchards.com,jaspreet.kaur@spyne.ai,Studio Live,Clear Lake,,Iowa,United States,50428,GROUP_DEALER,FRANCHISE_DEALER,3005 Willow Creek Ct,,"{""lat"":43.1452298,""lng"":-93.3512501}"
e3e915166,d4aac809f,Pritchards Mason City GMC ID,Pritchard Companies,pritchards.com,jaspreet.kaur@spyne.ai,Studio Live,Mason City,,Iowa,United States,50401,GROUP_DEALER,FRANCHISE_DEALER,4510 4th St SW,,"{""lat"":43.148431,""lng"":-93.2629774}"
dc23e761e,d4aac809f,Pritchards Nissan of Mason City ID,Pritchard Companies,pritchards.com,jaspreet.kaur@spyne.ai,Studio Live,Mason City,,Iowa,United States,50401,GROUP_DEALER,FRANCHISE_DEALER,4600 4th St SW,,"{""lat"":43.1484599,""lng"":-93.2647759}"
324b04fd19,3f7e1de7d,Quality Assurance Autos LLC,Quality Assurance Autos LLC,qaautos.com,manpreet.kaur@spyne.ai,Studio Churned,Sycamore,,Georgia,United States,31790,INDIVIDUAL_DEALER,INDEPENDENT_DEALER,1737 Industrial Dr,,"{""lat"":31.6782142,""lng"":-83.6367235}"
f0bef7687,927f9af2f,Quantrell Auto Group,Quantrell Auto Group,quantrellforlife.com,ankur.batra@spyne.ai,Studio Live,Lexington,Fayette County,Kentucky,United States,123456,GROUP_DEALER,FRANCHISE_DEALER,Fayette County,Fayette County,"{""lat"":38.0389091,""lng"":-84.5152662}"
38cbb392af,d0da0ce6c,Crown Nissan of Greenville,RBM Automotive Group,,ishika.arora@spyne.ai,Studio Live,Greenville,Greenville County,South Carolina,United States,29607,INDIVIDUAL_DEALER,FRANCHISE_DEALER,"2712, Laurens Road",Greenville County,"{""lat"":34.8176879,""lng"":-82.3412651}"
9a519c5b12,d0da0ce6c,Porsche/Land Rover Greenville,RBM Automotive Group,,ishika.arora@spyne.ai,Studio Live,Greenville,Greenville County,South Carolina,United States,29607,INDIVIDUAL_DEALER,FRANCHISE_DEALER,"2668, Laurens Road",Greenville County,"{""lat"":34.8200813,""lng"":-82.3422879}"
0881a98a49,1388be747,RC Hill Powersports Orlando,RC Hill Powersports Orlando,,prathamesh.prashant@spyne.ai,Studio Live,Orlando,Orange County,Florida,United States,32817,INDIVIDUAL_DEALER,INDEPENDENT_DEALER,"9334, East Colonial Drive",Orange County,"{""lat"":28.5677155,""lng"":-81.25814749999999}"
8df1c34261,d9a4651a6,Rochester Volkswagen,ROCHESTER VOLKSWAGEN,parkplacevw.com,ankur.batra@spyne.ai,Studio Live,ROCHESTER,,New Hampshire (NH),United States,3867,INDIVIDUAL_DEALER,FRANCHISE_DEALER,"20 Farmington Rd, NH-11,",,"{""lat"":43.323962,""lng"":-71.0015439}"
cbfc944061,ab343d3e9,Audi Meadowlands,ROSI Automotive Group,,abhijeet.mitra@spyne.ai,Studio Onboarding,Secaucus,Hudson County,New Jersey,United States,7094,INDIVIDUAL_DEALER,FRANCHISE_DEALER,"425, New Jersey 3",Hudson County,"{""lat"":40.7890018,""lng"":-74.052003}"
e5a2767fb3,ab343d3e9,Route 23 Nissan,ROSI Automotive Group,route23nissan.com,abhijeet.mitra@spyne.ai,Studio Live,Butler,Morris County,New Jersey,United States,7405,INDIVIDUAL_DEALER,FRANCHISE_DEALER,"1567, New Jersey 23",Morris County,"{""lat"":41.0057274,""lng"":-74.3604885}"
526cc6bf64,48e021652,Rainbow Motor Sales,Rainbow Motor Sales,rainbowmotorsales.com,vishal.singh1@spyne.ai,Studio Churned,Coldwater,,Michigan,United States,49036,INDIVIDUAL_DEALER,INDEPENDENT_DEALER,395 N Fremont Road,,"{""lat"":41.9380908,""lng"":-84.9317678}"
526cc6bf64,48e021652,Rainbow Motor Sales,Rainbow Motor Sales,rainbowmotorsales.com,vishal.singh1@spyne.ai,Vini Churned,Coldwater,,Michigan,United States,49036,INDIVIDUAL_DEALER,INDEPENDENT_DEALER,395 N Fremont Road,,"{""lat"":41.9380908,""lng"":-84.9317678}"
afdbec42f5,cecef60ce,Raleigh Imports,Raleigh Imports,raleighimports.com,garvit.sharma@spyne.ai,Studio Live,Raleigh,,North Carolina,United States,27604,INDIVIDUAL_DEALER,INDEPENDENT_DEALER,3400 Capital Blvd,,"{""lat"":35.82611,""lng"":-78.586012}"
edad8a5026,3cfbd0342,Raleigh Pre-owned,Raleigh Pre-owned,raleighpreowned.com,manpreet.kaur@spyne.ai,Studio Churned,Raleigh,,North Carolina,United States,27616,INDIVIDUAL_DEALER,INDEPENDENT_DEALER,5001 Capital Blvd,,"{""lat"":35.8540989,""lng"":-78.5817272}"
b4a74cc00,2b97abb6f,Ramsey Motor Company,Ramsey Motor Company,ramseymotor.net,sanyam.tyagi@spyne.ai,Studio Live,Harrison,,Arkansas,United States,72601,INDIVIDUAL_DEALER,FRANCHISE_DEALER,502 Hwy 65 SHarrison,,"{""lat"":36.2297936,""lng"":-93.1076765}"
ce8ac0418f,b3b685b8c,Reliance Motor Group LLC,Reliance Motor Group LLC,reliancemotorsgroup.com,garvit.sharma@spyne.ai,Studio Live,meldon,,brodway,United States,2148,INDIVIDUAL_DEALER,INDEPENDENT_DEALER,"28 Broadway, Malden",,"{""lat"":42.4242738,""lng"":-71.0453485}"
d4a682cb2a,3d5f779d7,Rick Weaver Chevrolet,Rick Weaver Chevrolet,rickweaver.com,ishika.arora@spyne.ai,Studio Live,Edinboro,Erie County,Pennsylvania,United States,16412,GROUP_DEALER,FRANCHISE_DEALER,"700, Erie Street",Erie County,"{""lat"":41.8903194,""lng"":-80.1270971}"
d4a682cb2a,3d5f779d7,Rick Weaver Chevrolet,Rick Weaver Chevrolet,rickweaver.com,aditya.kaul@spyne.ai,Vini Live,Edinboro,Erie County,Pennsylvania,United States,16412,GROUP_DEALER,FRANCHISE_DEALER,"700, Erie Street",Erie County,"{""lat"":41.8903194,""lng"":-80.1270971}"
34c451e836,3d5f779d7,Rick Weaver GMC,Rick Weaver Chevrolet,,ishika.arora@spyne.ai,Studio Live,Erie,Erie County,Pennsylvania,United States,16501,GROUP_DEALER,FRANCHISE_DEALER,"714, West 12th Street",Erie County,"{""lat"":42.1179584,""lng"":-80.0979203}"
34c451e836,3d5f779d7,Rick Weaver GMC,Rick Weaver Chevrolet,,aditya.kaul@spyne.ai,Vini Live,Erie,Erie County,Pennsylvania,United States,16501,GROUP_DEALER,FRANCHISE_DEALER,"714, West 12th Street",Erie County,"{""lat"":42.1179584,""lng"":-80.0979203}"
d5a7bf9038,be3227626,RideLine,RideLine,ridelineauto.com,garvit.sharma@spyne.ai,Studio Live,Garland,,Texas,United States,75041,INDIVIDUAL_DEALER,INDEPENDENT_DEALER,2101 S. Garland Ave,,"{""lat"":32.892437,""lng"":-96.650672}"
e131dc45-8,93b8cc9c8,Riley Subaru_2,Riley Subaru,,vishal.singh1@spyne.ai,Studio Live,Dubuque,,Iowa,United States,52003,INDIVIDUAL_DEALER,FRANCHISE_DEALER,4455 Dodge St,,"{""lat"":42.4883654,""lng"":-90.7391398}"
29e1c9401,603c227f8,Roanoke CDJR,Roanoke Motors Inc,romocoinc.com,abhijeet.mitra@spyne.ai,Studio Live,Roanoke,,Illinois,United States,61561,INDIVIDUAL_DEALER,FRANCHISE_DEALER,217 W Husseman St,,"{""lat"":40.7948305,""lng"":-89.1989154}"
cadcacbc22,603c227f8,Roanoke Ford,Roanoke Motors Inc,roanokeford.net,abhijeet.mitra@spyne.ai,Studio Live,Roanoke,Woodford County,Illinois,United States,61561,INDIVIDUAL_DEALER,FRANCHISE_DEALER,"217, West Husseman Street",Woodford County,"{""lat"":40.7946547,""lng"":-89.19877699999999}"
cadcacbc22,603c227f8,Roanoke Ford,Roanoke Motors Inc,roanokeford.net,deepanshu.agarwal@spyne.ai,Vini Live,Roanoke,Woodford County,Illinois,United States,61561,INDIVIDUAL_DEALER,FRANCHISE_DEALER,"217, West Husseman Street",Woodford County,"{""lat"":40.7946547,""lng"":-89.19877699999999}"
3e6cc8f47f,f88f486fb,Robert Street Auto Sales,Robert street auto sales,,prathamesh.prashant@spyne.ai,Studio Live,Saint Paul,,Minnesota,United States,55107,INDIVIDUAL_DEALER,INDEPENDENT_DEALER,"845, South robert street",,"{""lat"":44.9210015,""lng"":-93.0808067}"
e324da7394,665ea23b3,Rochester Toyota,Rochester Toyota,rochestertoyota.com,ankur.batra@spyne.ai,Studio Live,Rochester,,Minnesota,United States,55904,INDIVIDUAL_DEALER,FRANCHISE_DEALER,4365 Canal Place Southeast,,"{""lat"":43.9589492,""lng"":-92.4628806}"
e9a97ab0dc,22af275f9,Rolls-Royce Motor Cars Raleigh,Rolls-Royce Motor Cars Raleigh,rollsroycemotorcarsraleigh.com,vishal.singh1@spyne.ai,Studio Live,Raleigh,,North Carolina,United States,27616,INDIVIDUAL_DEALER,FRANCHISE_DEALER,5401 Capital Blvd,,"{""lat"":35.8589275,""lng"":-78.5813012}"
2ba1b1fff7,76de7264a,Roswell Honda,Roswell Honda,roswellhonda.com,sudansh.tiruwa@spyne.ai,Vini Live,Roswell,Chaves County,New Mexico,United States,88201,INDIVIDUAL_DEALER,FRANCHISE_DEALER,"2177, West 2nd Street",Chaves County,"{""lat"":33.3950189,""lng"":-104.5548758}"
2301f9d95d,3795e3229,Royal Drive LLC,Royal Drive LLC,royaldrivenc.com,prathamesh.prashant@spyne.ai,Studio Live,Newport,,Minnesota,United States,55055,INDIVIDUAL_DEALER,INDEPENDENT_DEALER,1390 Hastings Ave,,"{""lat"":44.8694254,""lng"":-93.001035}"
08d9d67c5,d45432dcd,Runde Auto Group Tri-States,"Runde Chevrolet, Inc.",rundeautogroup.com,jaspreet.kaur@spyne.ai,Studio Live,East Dubuque,,Illinois,United States,61025,INDIVIDUAL_DEALER,FRANCHISE_DEALER,780 Illinois Route 35 N,,"{""lat"":42.4922253,""lng"":-90.6429054}"
4a0b11f54c,f41cf9b81,Mercedes-Benz Of Arcadia,Rusnak Auto Group - Mercedes- Benz of Arcadia,rusnakarcadia.com,ankur.batra@spyne.ai,Studio Live,Arcadia,,California,United States,91006,INDIVIDUAL_DEALER,FRANCHISE_DEALER,101 N. Santa Anita Ave,,"{""lat"":34.141468,""lng"":-118.031553}"
4038babf-d,49c19efb3,CDJR West Bend,"Russ Darrow Group, Inc.",russdarrowchryslerdodgejeep.com,avinash.jha@spyne.ai,Studio Live,West Bend,,Wisconsin,United States,53095,GROUP_DEALER,FRANCHISE_DEALER,2617 W Washington St,,"{""lat"":43.4273568,""lng"":-88.2180671}"
9aa27d1d-2,49c19efb3,Honda,"Russ Darrow Group, Inc.",russdarrowhonda.com,avinash.jha@spyne.ai,Studio Live,Milwaukee,,Wisconsin,United States,53224,GROUP_DEALER,FRANCHISE_DEALER,10851 W Metro Auto Mall,,"{""lat"":43.1435913,""lng"":-88.0479844}"
aa02a524-5,49c19efb3,KIA Wauwatosa,"Russ Darrow Group, Inc.",russdarrowwauwatosa.com,avinash.jha@spyne.ai,Studio Live,Wauwatosa,,Wisconsin,United States,53226,GROUP_DEALER,FRANCHISE_DEALER,1901 N Mayfair Rd,,"{""lat"":43.0544538,""lng"":-88.0488113}"
93f8aadd-c,49c19efb3,Kia Madison,"Russ Darrow Group, Inc.",russdarrowmadison.com,avinash.jha@spyne.ai,Studio Live,Madison,,Wisconsin,United States,53719,GROUP_DEALER,FRANCHISE_DEALER,6525 Odana Rd,,"{""lat"":43.054429,""lng"":-89.4934544}"
f9cb0031-b,49c19efb3,Kia Of Waukesha,"Russ Darrow Group, Inc.",kiaofwaukesha.com,avinash.jha@spyne.ai,Studio Live,Waukesha,,Wisconsin,United States,53186,GROUP_DEALER,FRANCHISE_DEALER,2141 E Moreland Blvd,,"{""lat"":43.0270108,""lng"":-88.1867856}"
28cda4a5-0,49c19efb3,Madison CDJR,"Russ Darrow Group, Inc.",russdarrowchryslerjeep.com,avinash.jha@spyne.ai,Studio Live,Madison,,Wisconsin,United States,53718,GROUP_DEALER,FRANCHISE_DEALER,3502 Lancaster Dr,,"{""lat"":43.1394175,""lng"":-89.2904558}"
f0504829-8,49c19efb3,Mazda Greenfield,"Russ Darrow Group, Inc.",russdarrowgreenfieldmazda.com,avinash.jha@spyne.ai,Studio Live,Greenfield,,Wisconsin,United States,53228,GROUP_DEALER,FRANCHISE_DEALER,3520 S 108th St,,"{""lat"":42.9804669,""lng"":-88.0464545}"
212d9845-b,49c19efb3,Mazda Of Madison,"Russ Darrow Group, Inc.",russdarrowmadisonmazda.com,avinash.jha@spyne.ai,Studio Live,Madison,,Wisconsin,United States,53713,GROUP_DEALER,FRANCHISE_DEALER,2302 W Beltline Hwy,,"{""lat"":43.0362152,""lng"":-89.4183104}"
545b744d-f,49c19efb3,Metro CDJR_Milwaukee,"Russ Darrow Group, Inc.",russdarrowchrysler.net,avinash.jha@spyne.ai,Studio Live,Milwaukee,,Wisconsin,United States,53224,GROUP_DEALER,FRANCHISE_DEALER,10901 W Metro Auto Mall,,"{""lat"":43.1436888,""lng"":-88.0490846}"
4db48efb-0,49c19efb3,Metro Mazda_Milwaukee,"Russ Darrow Group, Inc.",rusdarrowmazdaofmilwaukee.com,avinash.jha@spyne.ai,Studio Live,Milwaukee,,Wisconsin,United States,53224,GROUP_DEALER,FRANCHISE_DEALER,11330 W Metro Auto Mall,,"{""lat"":43.1452665,""lng"":-88.0533917}"
743a32fd-e,49c19efb3,Nissan of Milwaukee,"Russ Darrow Group, Inc.",russdarrowmilwaukeenissan.com,avinash.jha@spyne.ai,Studio Live,Milwaukee,,Wisconsin,United States,53224,GROUP_DEALER,FRANCHISE_DEALER,11212 W Metro Auto Mall,,"{""lat"":43.1456333,""lng"":-88.0522413}"
eb2a48b5-5,49c19efb3,Nissan of West Bend,"Russ Darrow Group, Inc.",russdarrownissanofwestbend.com,avinash.jha@spyne.ai,Studio Live,West Bend,,Wisconsin,United States,53095,GROUP_DEALER,FRANCHISE_DEALER,2665 W Washington St,,"{""lat"":43.4273597,""lng"":-88.2183977}"
2a631c87-7,49c19efb3,Russ Darrow Toyota,"Russ Darrow Group, Inc.",russdarrowtoyota.com,avinash.jha@spyne.ai,Studio Live,West Bend,,Wisconsin,United States,53095,GROUP_DEALER,FRANCHISE_DEALER,2700 W Washington St,,"{""lat"":43.427369,""lng"":-88.21994}"
002597ec-4,49c19efb3,Russ_Darrow_Direct,"Russ Darrow Group, Inc.",russdarrowdirect.com,avinash.jha@spyne.ai,Studio Live,Neenah,,Wisconsin,United States,54956,GROUP_DEALER,FRANCHISE_DEALER,988 S Green Bay Rd,,"{""lat"":44.1716232,""lng"":-88.4848499}"
951b3b41-8,49c19efb3,Waukesha Mitsubishi,"Russ Darrow Group, Inc.",russdarrowmitsubishi.com,avinash.jha@spyne.ai,Studio Live,Waukesha,,Wisconsin,United States,53186,GROUP_DEALER,FRANCHISE_DEALER,W226S1700 WI-164,,"{""lat"":43.0131682,""lng"":-88.1993747}"
0289b5257a,9.04E+301,Ideal Auto,Ryan Buick GMC Cadillac,idealnd.com,ankur.batra@spyne.ai,Studio Live,Minot,,North Dakota,United States,58701,GROUP_DEALER,FRANCHISE_DEALER,1111 20th Ave SW,,"{""lat"":48.2101412,""lng"":-101.3092732}"
d5bd74c44f,9.04E+301,Ryan Buick GMC Cadillac,Ryan Buick GMC Cadillac,ryangmc.com,ankur.batra@spyne.ai,Studio Live,Minot,,North Dakota,United States,58701,GROUP_DEALER,FRANCHISE_DEALER,1111 20th Ave SW,,"{""lat"":48.2101412,""lng"":-101.3092732}"
3e5d87bf71,9.04E+301,Ryan Honda of Minot,Ryan Buick GMC Cadillac,ryanhondaminot.com,ankur.batra@spyne.ai,Studio Live,Minot,,North Dakota,United States,58701,GROUP_DEALER,FRANCHISE_DEALER,3701 S Broadway,,"{""lat"":48.196436,""lng"":-101.295737}"
a79252912b,9.04E+301,Ryan Motors,Ryan Buick GMC Cadillac,timryanmotors.com,ankur.batra@spyne.ai,Studio Live,Minot,,North Dakota,United States,58701,GROUP_DEALER,FRANCHISE_DEALER,1111 20th Ave SW,,"{""lat"":48.2101412,""lng"":-101.3092732}"
d1c59ee97d,9.04E+301,Ryan Nissan,Ryan Buick GMC Cadillac,ryannissan.com,ankur.batra@spyne.ai,Studio Live,Minot,,North Dakota,United States,58701,GROUP_DEALER,FRANCHISE_DEALER,3915 S Broadway,,"{""lat"":48.1949073,""lng"":-101.2962064}"
fe6048a89f,cd4fb95bc,S&L,"S&L Motors, Pulaski WI",slford.com,abhijeet.mitra@spyne.ai,Studio Live,Oconto Falls,,Wisconsin,United States,54154,INDIVIDUAL_DEALER,FRANCHISE_DEALER,300 N Main St,,"{""lat"":44.877251,""lng"":-88.14561}"
82e481c979,cd4fb95bc,"S&L Motors, Pulaski WI","S&L Motors, Pulaski WI",slford.com,abhijeet.mitra@spyne.ai,Studio Live,Gilbert,Maricopa County,Arizona,United States,85295,INDIVIDUAL_DEALER,INDEPENDENT_DEALER,"2298, East Williams Field Road",Maricopa County,"{""lat"":33.3111208,""lng"":-111.7405953}"
395833925d,4bf2cadf7,s&s motors,S&S Motors,ssmotorsga.com,sanyam.tyagi@spyne.ai,Studio Live,Marietta,,Georgia,United States,30062,INDIVIDUAL_DEALER,FRANCHISE_DEALER,"472 Cobb Pkwy N, Ste. B",,"{""lat"":33.9623716,""lng"":-84.5301018}"
c283c8149a,782dad7bb,SAN DIEGO ECARS,SAN DIEGO ECARS,sdecars.com,garvit.sharma@spyne.ai,Studio Live,San Diego,,California,United States,92126,INDIVIDUAL_DEALER,INDEPENDENT_DEALER,9696 Miramar Road,,"{""lat"":32.8941585,""lng"":-117.1204433}"
ff28681761,0c519f5f2,SI Vallett Auto Sales,SI Vallett Auto Sales,sivallettauto.com,sudansh.tiruwa@spyne.ai,Vini Live,Nashville,Washington County,Illinois,United States,62263,INDIVIDUAL_DEALER,INDEPENDENT_DEALER,"861, North Mill Street",Washington County,"{""lat"":38.349737,""lng"":-89.3809302}"
a9dca44eab,0c519f5f2,Vaughns Classic Cars,SI Vallett Auto Sales,vaughnsclassiccars.com,vishal.singh1@spyne.ai,Studio Live,Nashville,,Illinois,United States,62263,GROUP_DEALER,INDEPENDENT_DEALER,21314 State Rt 127,,"{""lat"":38.3434906,""lng"":-89.3809783}"
5009cacfd6,9d380d22d,Adrian,"SUPERIOR AUTO, INC",,deepanshu.agarwal@spyne.ai,Vini Live,Adrian,,MI,United States,49221,INDIVIDUAL_DEALER,INDEPENDENT_DEALER,1223 E US Highway 223,,"{""lat"":41.8745046,""lng"":-84.0386592}"
2cb1ba6b84,9d380d22d,Angola,"SUPERIOR AUTO, INC",,deepanshu.agarwal@spyne.ai,Vini Live,Angola,,IN,United States,46703,INDIVIDUAL_DEALER,INDEPENDENT_DEALER,1912 N Wayne St,,"{""lat"":41.6552185,""lng"":-84.9994159}"
99d068c7c6,9d380d22d,Auburn,"SUPERIOR AUTO, INC",,deepanshu.agarwal@spyne.ai,Vini Live,Auburn,,IN,United States,46706,INDIVIDUAL_DEALER,INDEPENDENT_DEALER,515 W 7th St,,"{""lat"":41.3666983,""lng"":-85.0647831}"
076a215608,9d380d22d,Bedford,"SUPERIOR AUTO, INC",,deepanshu.agarwal@spyne.ai,Vini Live,Bedford,,IN,United States,47421,INDIVIDUAL_DEALER,INDEPENDENT_DEALER,2033 16th St,,"{""lat"":38.8611276,""lng"":-86.4995267}"
5f7d53db20,9d380d22d,Bellefontaine,"SUPERIOR AUTO, INC",,deepanshu.agarwal@spyne.ai,Vini Live,Bellefontaine,,OH,United States,43311,INDIVIDUAL_DEALER,INDEPENDENT_DEALER,1433 S Main St,,"{""lat"":40.340087,""lng"":-83.761834}"
25b8a342bd,9d380d22d,Bluffton,"SUPERIOR AUTO, INC",,deepanshu.agarwal@spyne.ai,Vini Live,Bluffton,,IN,United States,46714,INDIVIDUAL_DEALER,INDEPENDENT_DEALER,2353 N Main St,,"{""lat"":40.7763155,""lng"":-85.1657746}"
1ec5f14254,9d380d22d,Bowling Green,"SUPERIOR AUTO, INC",,deepanshu.agarwal@spyne.ai,Vini Live,Bowling Green,,OH,United States,43402,INDIVIDUAL_DEALER,INDEPENDENT_DEALER,1025 N Main St,,"{""lat"":41.3878253,""lng"":-83.6510207}"
8fff83e31c,9d380d22d,Brazil,"SUPERIOR AUTO, INC",,deepanshu.agarwal@spyne.ai,Vini Live,Brazil,,IN,United States,47834,INDIVIDUAL_DEALER,INDEPENDENT_DEALER,302 W National Ave,,"{""lat"":39.5222774,""lng"":-87.1313784}"
f7e1456b95,9d380d22d,Bryan,"SUPERIOR AUTO, INC",,deepanshu.agarwal@spyne.ai,Vini Live,Bryan,,OH,United States,43506,INDIVIDUAL_DEALER,INDEPENDENT_DEALER,335 N Main St,,"{""lat"":41.4782049,""lng"":-84.5515275}"
6a67861b1b,9d380d22d,Celina,"SUPERIOR AUTO, INC",,deepanshu.agarwal@spyne.ai,Vini Live,Celina,,OH,United States,45822,INDIVIDUAL_DEALER,INDEPENDENT_DEALER,1251 Myers Rd,,"{""lat"":40.560302,""lng"":-84.5547878}"
840b2a7d0b,9d380d22d,Charlotte,"SUPERIOR AUTO, INC",,deepanshu.agarwal@spyne.ai,Vini Live,Charlotte,,MI,United States,48813,INDIVIDUAL_DEALER,INDEPENDENT_DEALER,400 Lansing St,,"{""lat"":42.5695585,""lng"":-84.8259848}"
b58127e57e,9d380d22d,Coldwater,"SUPERIOR AUTO, INC",,deepanshu.agarwal@spyne.ai,Vini Live,Coldwater,,MI,United States,49036,INDIVIDUAL_DEALER,INDEPENDENT_DEALER,735 E Chicago St,,"{""lat"":41.9358964,""lng"":-84.9709561}"
ddbd95c8d0,9d380d22d,Columbia City,"SUPERIOR AUTO, INC",,deepanshu.agarwal@spyne.ai,Vini Live,Columbia City,,IN,United States,46725,INDIVIDUAL_DEALER,INDEPENDENT_DEALER,533 N Line St,,"{""lat"":41.1661727,""lng"":-85.4915658}"
42ed808f01,9d380d22d,Connersville,"SUPERIOR AUTO, INC",,deepanshu.agarwal@spyne.ai,Vini Live,Connersville,,IN,United States,47331,INDIVIDUAL_DEALER,INDEPENDENT_DEALER,624/628 W 30th St,,"{""lat"":39.6717164,""lng"":-85.1434583}"
0b4a123761,9d380d22d,Crawfordsville,"SUPERIOR AUTO, INC",,deepanshu.agarwal@spyne.ai,Vini Live,Crawfordsville,,IN,United States,47933,INDIVIDUAL_DEALER,INDEPENDENT_DEALER,1815 S US Highway 231,,"{""lat"":40.0657168,""lng"":-86.9082344}"
10fe7d06fe,9d380d22d,Decatur,"SUPERIOR AUTO, INC",,deepanshu.agarwal@spyne.ai,Vini Live,Decatur,,IN,United States,46733,INDIVIDUAL_DEALER,INDEPENDENT_DEALER,409 S 13th St,,"{""lat"":40.8246651,""lng"":-84.9375012}"
855bb826df,9d380d22d,Defiance,"SUPERIOR AUTO, INC",,deepanshu.agarwal@spyne.ai,Vini Live,Defiance,,OH,United States,43512,INDIVIDUAL_DEALER,INDEPENDENT_DEALER,8682 State Route 66 North,,"{""lat"":41.3743769,""lng"":-84.3608395}"
b5acfa1928,9d380d22d,Evansville,"SUPERIOR AUTO, INC",,deepanshu.agarwal@spyne.ai,Vini Live,Evansville,,IN,United States,47710,INDIVIDUAL_DEALER,INDEPENDENT_DEALER,4300 N. 1st Ave,,"{""lat"":38.018086,""lng"":-87.57416}"
4bc7ab62c7,9d380d22d,Findlay,"SUPERIOR AUTO, INC",,deepanshu.agarwal@spyne.ai,Vini Live,Findlay,,OH,United States,45840,INDIVIDUAL_DEALER,INDEPENDENT_DEALER,1900 Manor Hill Rd,,"{""lat"":41.0630152,""lng"":-83.6069218}"
aa98a161b2,9d380d22d,Fort Wayne East,"SUPERIOR AUTO, INC",,deepanshu.agarwal@spyne.ai,Vini Live,Fort Wayne,,IN,United States,46815,INDIVIDUAL_DEALER,INDEPENDENT_DEALER,4101 Lake Ave,,"{""lat"":41.0906052,""lng"":-85.0871722}"
a80636b764,9d380d22d,Fort Wayne West,"SUPERIOR AUTO, INC",,deepanshu.agarwal@spyne.ai,Vini Live,Fort Wayne,,IN,United States,46815,INDIVIDUAL_DEALER,INDEPENDENT_DEALER,1944 Bluffton Rd,,"{""lat"":41.0502611,""lng"":-85.1636704}"
96e80e545c,9d380d22d,Frankfort,"SUPERIOR AUTO, INC",,deepanshu.agarwal@spyne.ai,Vini Live,Frankfort,,IN,United States,46041,INDIVIDUAL_DEALER,INDEPENDENT_DEALER,260 S Jackson St,,"{""lat"":40.2791447,""lng"":-86.51076}"
de1e7c3461,9d380d22d,Franklin,"SUPERIOR AUTO, INC",,deepanshu.agarwal@spyne.ai,Vini Live,Franklin,,IN,United States,46131,INDIVIDUAL_DEALER,INDEPENDENT_DEALER,1351 N Morton St,,"{""lat"":39.4934307,""lng"":-86.0641555}"
16525ae115,9d380d22d,Fremont,"SUPERIOR AUTO, INC",,deepanshu.agarwal@spyne.ai,Vini Live,Fremont,,OH,United States,43420,INDIVIDUAL_DEALER,INDEPENDENT_DEALER,827 E State St,,"{""lat"":41.3440597,""lng"":-83.1012517}"
37cb896ced,9d380d22d,Greensburg,"SUPERIOR AUTO, INC",,deepanshu.agarwal@spyne.ai,Vini Live,Greensburg,,IN,United States,47240,INDIVIDUAL_DEALER,INDEPENDENT_DEALER,1511 N Lincoln St,,"{""lat"":39.3514727,""lng"":-85.4796782}"
e5d4ee49a5,9d380d22d,Greenville,"SUPERIOR AUTO, INC",,deepanshu.agarwal@spyne.ai,Vini Live,Greenville,,OH,United States,45331,INDIVIDUAL_DEALER,INDEPENDENT_DEALER,1535 Wagner Ave,,"{""lat"":40.1176721,""lng"":-84.6223234}"
625d318c90,9d380d22d,Hartford City,"SUPERIOR AUTO, INC",,deepanshu.agarwal@spyne.ai,Vini Live,Hartford City,,IN,United States,47348,INDIVIDUAL_DEALER,INDEPENDENT_DEALER,209 N Walnut St,,"{""lat"":40.4523513,""lng"":-85.3702688}"
bd4e31a5ca,9d380d22d,Henderson,"SUPERIOR AUTO, INC",,deepanshu.agarwal@spyne.ai,Vini Live,Henderson,,KY,United States,42420,INDIVIDUAL_DEALER,INDEPENDENT_DEALER,2627 Hwy 41 N,,"{""lat"":37.8152192,""lng"":-87.5633637}"
c809e581cf,9d380d22d,Hillsdale,"SUPERIOR AUTO, INC",,deepanshu.agarwal@spyne.ai,Vini Live,Hillsdale,,MI,United States,49242,INDIVIDUAL_DEALER,INDEPENDENT_DEALER,3191 W Carleton Rd,,"{""lat"":41.9444189,""lng"":-84.651277}"
13b16b51bf,9d380d22d,Hopkinsville,"SUPERIOR AUTO, INC",,deepanshu.agarwal@spyne.ai,Vini Live,Hopkinsville,,KY,United States,42240,INDIVIDUAL_DEALER,INDEPENDENT_DEALER,2312 Fort Campbell Blvd,,"{""lat"":36.8539116,""lng"":-87.4887001}"
a02030ea73,9d380d22d,Huntington,"SUPERIOR AUTO, INC",,deepanshu.agarwal@spyne.ai,Vini Live,Huntington,,IN,United States,46750,INDIVIDUAL_DEALER,INDEPENDENT_DEALER,1747 N Jefferson St,,"{""lat"":40.8912055,""lng"":-85.503712}"
145ad65157,9d380d22d,Kenton,"SUPERIOR AUTO, INC",,deepanshu.agarwal@spyne.ai,Vini Live,Kenton,,OH,United States,43326,INDIVIDUAL_DEALER,INDEPENDENT_DEALER,906 E Columbus St,,"{""lat"":40.6507153,""lng"":-83.5950388}"
733b471dd1,9d380d22d,Kokomo,"SUPERIOR AUTO, INC",,deepanshu.agarwal@spyne.ai,Vini Live,Kokomo,,IN,United States,46901,INDIVIDUAL_DEALER,INDEPENDENT_DEALER,1812 E Markland Ave,,"{""lat"":40.477124,""lng"":-86.1061671}"
2aa267a9d7,9d380d22d,Lancaster,"SUPERIOR AUTO, INC",,deepanshu.agarwal@spyne.ai,Vini Live,Lancaster,,OH,United States,43130,INDIVIDUAL_DEALER,INDEPENDENT_DEALER,1250 N Memorial Drive,,"{""lat"":39.7287662,""lng"":-82.6104471}"
b8cc96c3ea,9d380d22d,Lebanon,"SUPERIOR AUTO, INC",,deepanshu.agarwal@spyne.ai,Vini Live,Lebanon,,IN,United States,46052,INDIVIDUAL_DEALER,INDEPENDENT_DEALER,1317 W South St,,"{""lat"":40.0464913,""lng"":-86.4955508}"
0e9fe85236,9d380d22d,Lima,"SUPERIOR AUTO, INC",,deepanshu.agarwal@spyne.ai,Vini Live,Lima,,OH,United States,45805,INDIVIDUAL_DEALER,INDEPENDENT_DEALER,2144 Elida Rd,,"{""lat"":40.7601126,""lng"":-84.1435185}"
11ca6c45df,9d380d22d,Logansport,"SUPERIOR AUTO, INC",,deepanshu.agarwal@spyne.ai,Vini Live,Logansport,,IN,United States,46947,INDIVIDUAL_DEALER,INDEPENDENT_DEALER,327 S 3rd St,,"{""lat"":40.7529699,""lng"":-86.3674704}"
30b91599c8,9d380d22d,Madison,"SUPERIOR AUTO, INC",,deepanshu.agarwal@spyne.ai,Vini Live,Madison,,IN,United States,47250,INDIVIDUAL_DEALER,INDEPENDENT_DEALER,180 Clifty Dr,,"{""lat"":38.7751919,""lng"":-85.3898453}"
d44c824a85,9d380d22d,Madisonville,"SUPERIOR AUTO, INC",,deepanshu.agarwal@spyne.ai,Vini Live,Madisonville,,KY,United States,42431,INDIVIDUAL_DEALER,INDEPENDENT_DEALER,731 S Main Street,,"{""lat"":37.3177781,""lng"":-87.5002687}"
621c58b8a3,9d380d22d,Mansfield,"SUPERIOR AUTO, INC",,deepanshu.agarwal@spyne.ai,Vini Live,Mansfield,,OH,United States,44905,INDIVIDUAL_DEALER,INDEPENDENT_DEALER,961 Ashland Rd,,"{""lat"":40.766146,""lng"":-82.4889992}"
d4a1af1129,9d380d22d,Marion,"SUPERIOR AUTO, INC",,deepanshu.agarwal@spyne.ai,Vini Live,Marion,,IN,United States,46953,INDIVIDUAL_DEALER,INDEPENDENT_DEALER,803 S Baldwin Ave,,"{""lat"":40.553579,""lng"":-85.6755698}"
cc47264805,9d380d22d,Marion – OH,"SUPERIOR AUTO, INC",,deepanshu.agarwal@spyne.ai,Vini Live,Marion,,OH,United States,43302,INDIVIDUAL_DEALER,INDEPENDENT_DEALER,1372 Mount Vernon Ave,,"{""lat"":40.5807069,""lng"":-83.0959658}"
4844c4eccc,9d380d22d,Martinsville,"SUPERIOR AUTO, INC",,deepanshu.agarwal@spyne.ai,Vini Live,Martinsville,,IN,United States,46151,INDIVIDUAL_DEALER,INDEPENDENT_DEALER,619 Morton Avenue,,"{""lat"":39.413127,""lng"":-86.4356606}"
8b2eec86ce,9d380d22d,Maumee,"SUPERIOR AUTO, INC",,deepanshu.agarwal@spyne.ai,Vini Live,Maumee,,OH,United States,43537,INDIVIDUAL_DEALER,INDEPENDENT_DEALER,1375½ Conant St,,"{""lat"":41.5794698,""lng"":-83.6642399}"
c7a243e6e8,9d380d22d,Monticello,"SUPERIOR AUTO, INC",,deepanshu.agarwal@spyne.ai,Vini Live,Monticello,,IN,United States,47960,INDIVIDUAL_DEALER,INDEPENDENT_DEALER,714 W Broadway,,"{""lat"":40.7450529,""lng"":-86.7720076}"
9bf3833024,9d380d22d,Mount Vernon,"SUPERIOR AUTO, INC",,deepanshu.agarwal@spyne.ai,Vini Live,Mount Vernon,,OH,United States,43050,INDIVIDUAL_DEALER,INDEPENDENT_DEALER,11 Coshocton Ave,,"{""lat"":40.3933956,""lng"":-82.4857181}"
4de833d43a,9d380d22d,Muncie,"SUPERIOR AUTO, INC",,deepanshu.agarwal@spyne.ai,Vini Live,Muncie,,IN,United States,47302,INDIVIDUAL_DEALER,INDEPENDENT_DEALER,3423 S Madison St,,"{""lat"":40.1617873,""lng"":-85.3821542}"
124b9acc66,9d380d22d,Napoleon,"SUPERIOR AUTO, INC",,deepanshu.agarwal@spyne.ai,Vini Live,Napoleon,,OH,United States,43545,INDIVIDUAL_DEALER,INDEPENDENT_DEALER,1475 Scott St,,"{""lat"":41.4027654,""lng"":-84.1321392}"
d3cb26ba3d,9d380d22d,New Castle,"SUPERIOR AUTO, INC",,deepanshu.agarwal@spyne.ai,Vini Live,New Castle,,IN,United States,47362,INDIVIDUAL_DEALER,INDEPENDENT_DEALER,405 N Memorial Dr,,"{""lat"":39.9342569,""lng"":-85.3826493}"
337e8326f9,9d380d22d,Newark,"SUPERIOR AUTO, INC",,deepanshu.agarwal@spyne.ai,Vini Live,Newark,,OH,United States,43055,INDIVIDUAL_DEALER,INDEPENDENT_DEALER,1450 N 21st Street,,"{""lat"":40.0879741,""lng"":-82.4271893}"
b9cd1aa06c,9d380d22d,Owensboro,"SUPERIOR AUTO, INC",,deepanshu.agarwal@spyne.ai,Vini Live,Owensboro,,KY,United States,42301,INDIVIDUAL_DEALER,INDEPENDENT_DEALER,4939 Frederica Street,,"{""lat"":37.7530133,""lng"":-87.1114051}"
64022be002,9d380d22d,Plymouth,"SUPERIOR AUTO, INC",,deepanshu.agarwal@spyne.ai,Vini Live,Plymouth,,IN,United States,46563,INDIVIDUAL_DEALER,INDEPENDENT_DEALER,701 E Jefferson St,,"{""lat"":41.3440521,""lng"":-86.3009816}"
c2c0703666,9d380d22d,Portland,"SUPERIOR AUTO, INC",,deepanshu.agarwal@spyne.ai,Vini Live,Portland,,IN,United States,47371,INDIVIDUAL_DEALER,INDEPENDENT_DEALER,1420 N Meridian St,,"{""lat"":40.4460984,""lng"":-84.9782834}"
a48846874a,9d380d22d,Rensselaer,"SUPERIOR AUTO, INC",,deepanshu.agarwal@spyne.ai,Vini Live,Rensselaer,,IN,United States,47978,INDIVIDUAL_DEALER,INDEPENDENT_DEALER,1752 N McKinley Ave,,"{""lat"":40.954581,""lng"":-87.1514769}"
9afcd57015,9d380d22d,Richmond,"SUPERIOR AUTO, INC",,deepanshu.agarwal@spyne.ai,Vini Live,Richmond,,IN,United States,47374,INDIVIDUAL_DEALER,INDEPENDENT_DEALER,3230 E Main St,,"{""lat"":39.8309452,""lng"":-84.857795}"
f318753570,9d380d22d,Rochester,"SUPERIOR AUTO, INC",,deepanshu.agarwal@spyne.ai,Vini Live,Rochester,,IN,United States,46975,INDIVIDUAL_DEALER,INDEPENDENT_DEALER,302 E 9th St,,"{""lat"":41.0616541,""lng"":-86.1946259}"
fcf9399411,9d380d22d,Seymour,"SUPERIOR AUTO, INC",,deepanshu.agarwal@spyne.ai,Vini Live,Seymour,,IN,United States,47274,INDIVIDUAL_DEALER,INDEPENDENT_DEALER,1630 E Tipton St,,"{""lat"":38.9576667,""lng"":-85.8637514}"
a90b4f2a88,9d380d22d,Shelbyville,"SUPERIOR AUTO, INC",,deepanshu.agarwal@spyne.ai,Vini Live,Shelbyville,,IN,United States,46176,INDIVIDUAL_DEALER,INDEPENDENT_DEALER,545 E Hendricks St,,"{""lat"":39.5222154,""lng"":-85.7686841}"
a1ce55785e,9d380d22d,Sidney,"SUPERIOR AUTO, INC",,deepanshu.agarwal@spyne.ai,Vini Live,Sidney,,OH,United States,45365,INDIVIDUAL_DEALER,INDEPENDENT_DEALER,810 W Russell Rd,,"{""lat"":40.3022287,""lng"":-84.1690887}"
21d878a818,9d380d22d,Springfield,"SUPERIOR AUTO, INC",,deepanshu.agarwal@spyne.ai,Vini Live,Springfield,,OH,United States,45505,INDIVIDUAL_DEALER,INDEPENDENT_DEALER,1843 S Limestone St,,"{""lat"":39.9027004,""lng"":-83.8108491}"
ea26d2d7c4,9d380d22d,Sturgis,"SUPERIOR AUTO, INC",,deepanshu.agarwal@spyne.ai,Vini Live,Sturgis,,MI,United States,49091,INDIVIDUAL_DEALER,INDEPENDENT_DEALER,125 S Centerville Rd,,"{""lat"":41.7974239,""lng"":-85.42853}"
27ec3720db,9d380d22d,"Superior Auto, INC","SUPERIOR AUTO, INC",,deepanshu.agarwal@spyne.ai,Vini Live,Fort Wayne,Allen County,Indiana,United States,46815,INDIVIDUAL_DEALER,INDEPENDENT_DEALER,"4101, Lake Avenue",Allen County,"{""lat"":41.0908269,""lng"":-85.08711629999999}"
10a1afc8f1,9d380d22d,Terre Haute,"SUPERIOR AUTO, INC",,deepanshu.agarwal@spyne.ai,Vini Live,Terre Haute,,IN,United States,47802,INDIVIDUAL_DEALER,INDEPENDENT_DEALER,2830 S 3rd St,,"{""lat"":39.4360387,""lng"":-87.4130866}"
6fcb5b1251,9d380d22d,Tiffin,"SUPERIOR AUTO, INC",,deepanshu.agarwal@spyne.ai,Vini Live,Tiffin,,OH,United States,44883,INDIVIDUAL_DEALER,INDEPENDENT_DEALER,2525 W Market St,,"{""lat"":41.109519,""lng"":-83.2194605}"
f53e559151,9d380d22d,Urbana,"SUPERIOR AUTO, INC",,deepanshu.agarwal@spyne.ai,Vini Live,Urbana,,OH,United States,43078,INDIVIDUAL_DEALER,INDEPENDENT_DEALER,105 N Oakland St,,"{""lat"":40.1091864,""lng"":-83.7647898}"
325a8c3803,9d380d22d,Van Wert,"SUPERIOR AUTO, INC",,deepanshu.agarwal@spyne.ai,Vini Live,Van Wert,,OH,United States,45891,INDIVIDUAL_DEALER,INDEPENDENT_DEALER,1053 S Shannon St,,"{""lat"":40.8596641,""lng"":-84.5963765}"
dcd0b5e6c0,9d380d22d,Vincennes,"SUPERIOR AUTO, INC",,deepanshu.agarwal@spyne.ai,Vini Live,Vincennes,,IN,United States,47591,INDIVIDUAL_DEALER,INDEPENDENT_DEALER,1000 N 6th St,,"{""lat"":38.682049,""lng"":-87.520265}"
0ee2f44fce,9d380d22d,Wabash,"SUPERIOR AUTO, INC",,deepanshu.agarwal@spyne.ai,Vini Live,Wabash,,IN,United States,46992,INDIVIDUAL_DEALER,INDEPENDENT_DEALER,633 N Cass St,,"{""lat"":40.8181778,""lng"":-85.8409015}"
019a5f8c7f,9d380d22d,Warsaw,"SUPERIOR AUTO, INC",,deepanshu.agarwal@spyne.ai,Vini Live,Warsaw,,IN,United States,46580,INDIVIDUAL_DEALER,INDEPENDENT_DEALER,315 Enterprise Dr,,"{""lat"":41.2589935,""lng"":-85.8533199}"
13e6808385,9d380d22d,Washington,"SUPERIOR AUTO, INC",,deepanshu.agarwal@spyne.ai,Vini Live,Washington,,IN,United States,47501,INDIVIDUAL_DEALER,INDEPENDENT_DEALER,103 South State Road 57,,"{""lat"":38.5568897,""lng"":-86.2770629}"
2e24540e99,9d380d22d,Zanesville,"SUPERIOR AUTO, INC",,deepanshu.agarwal@spyne.ai,Vini Live,Zanesville,,OH,United States,43701,INDIVIDUAL_DEALER,INDEPENDENT_DEALER,1317 W Main St,,"{""lat"":39.9405358,""lng"":-82.0220032}"
fdc8c5790a,62b56bdae,Safy Auto Sales,Safy Auto Sales,safyautosales.com,garvit.sharma@spyne.ai,Studio Live,Spring,,Texas,United States,77379,INDIVIDUAL_DEALER,INDEPENDENT_DEALER,"2702 Louetta Rd, Spring",,"{""lat"":30.0566395,""lng"":-95.456332}"
d4ee3fe933,568f9632d,sakura motors london ltd,Sakura Motors London LTD,,anuj.tewatia@spyne.ai,Studio Live,Wembley,LONDON,LONDON,ENGLAND,HA0 1JQ,INDIVIDUAL_DEALER,INDEPENDENT_DEALER,"Proposition Studios, 416 Ealing Road","Proposition Studios, 416 Ealing Road","{""lat"":51.5570736,""lng"":-0.2859502}"
cf9c867922,9360a5821,Sansone Jr's 66 Mitsubishi,Sansone Jr's Auto Group,sansonejrs66mitsubishi.com,abhijeet.mitra@spyne.ai,Studio Live,Neptune Township,,New Jersey,United States,7753,GROUP_DEALER,FRANCHISE_DEALER,"3401 NJ-66, Mitsubishi Building",,"{""lat"":40.2277769,""lng"":-74.0695186}"
eca9de0638,9360a5821,Sansone Jr's 66 Nissan,Sansone Jr's Auto Group,66nissan.com,abhijeet.mitra@spyne.ai,Studio Live,Neptune Township,,New Jersey,United States,7753,GROUP_DEALER,FRANCHISE_DEALER,3401 NJ-66,,"{""lat"":40.2277769,""lng"":-74.0695186}"
93c11183be,9360a5821,Sansone Jr's Windsor Nissan,Sansone Jr's Auto Group,windsornissan.com,abhijeet.mitra@spyne.ai,Studio Live,East Windsor,,New Jersey,United States,8520,GROUP_DEALER,FRANCHISE_DEALER,590 US-130,,"{""lat"":40.2632214,""lng"":-74.5476535}"
8.55E+11,9360a5821,Sansone Jr27s 66Kia,Sansone Jr's Auto Group,,abhijeet.mitra@spyne.ai,Studio Live,Neptune,,New Jersey,United States,7753,GROUP_DEALER,FRANCHISE_DEALER,3415 Route 66,,"{""lat"":40.2001133,""lng"":-74.0279152}"
f0b3cdc8c7,65bb3c871,Santa Motors CA,Santa Motors CA,santamotorscali.com,garvit.sharma@spyne.ai,Studio Live,El Cajon,,California,United States,92021,INDIVIDUAL_DEALER,INDEPENDENT_DEALER,966 E Main St,,"{""lat"":32.795509,""lng"":-116.9489863}"
d5f65eeace,ddf899ca9,Inver Grove Ford,Saxon Auto Group,invergroveford.com,deepanshu.agarwal@spyne.ai,Vini Live,Inver Grove Heights,Dakota County,Minnesota,United States,55077,INDIVIDUAL_DEALER,FRANCHISE_DEALER,"4725, South Robert Trail",Dakota County,"{""lat"":44.8801362,""lng"":-93.0824324}"
8142b14481,ddf899ca9,Inver Grove Hyundai,Saxon Auto Group,invergrovehyundai.com,deepanshu.agarwal@spyne.ai,Vini Live,Inver Grove Heights,Dakota County,Minnesota,United States,55077,INDIVIDUAL_DEALER,FRANCHISE_DEALER,"1290, 50th Street East",Dakota County,"{""lat"":44.8785191,""lng"":-93.0791846}"
ab2aaab081,ddf899ca9,New Brighton Ford,Saxon Auto Group,newbrightonford.com,deepanshu.agarwal@spyne.ai,Vini Live,New Brighton,Ramsey County,Minnesota,United States,55112,INDIVIDUAL_DEALER,FRANCHISE_DEALER,"1100, Silver Lake Road Northwest","North Innsbruck, Ramsey County","{""lat"":45.065763,""lng"":-93.2200887}"
59e60598a,e87ccc17e,Scotland Motors_1,"Scotland Motors, Inc.",scotlandmotorsinc.com,garvit.sharma@spyne.ai,Studio Live,Laurinburg,,North Carolina,United States,28352,INDIVIDUAL_DEALER,INDEPENDENT_DEALER,"1609 S Main St, Laurinburg",,"{""lat"":34.7757561,""lng"":-79.4619425}"
9931526cc,285e87825,Sell Em All Motors_1,Sell Em All Motors,sellemallmotors.com,prathamesh.prashant@spyne.ai,Studio Live,Vidalia,,Georgia,United States,30474,INDIVIDUAL_DEALER,INDEPENDENT_DEALER,1403 E 1st St,,"{""lat"":32.2127047,""lng"":-82.4018568}"
9931526cc,285e87825,Sell Em All Motors_1,Sell Em All Motors,sellemallmotors.com,,Vini Live,Vidalia,,Georgia,United States,30474,INDIVIDUAL_DEALER,INDEPENDENT_DEALER,1403 E 1st St,,"{""lat"":32.2127047,""lng"":-82.4018568}"
a95eb3b736,80dbe5fe1,Seth Wadley Ford of Pauls Valley,Seth Wadley Ford of Pauls Valley,,,Studio Live,Pauls Valley,Garvin County,Oklahoma,United States,73075,INDIVIDUAL_DEALER,FRANCHISE_DEALER,"333, North Butler Road",Garvin County,"{""lat"":34.7430499,""lng"":-97.2692719}"
492320d98d,2e0d94823,Lake Country Chevrolet,Silsbee Ford,,abhijeet.mitra@spyne.ai,Studio Live,Silsbee,,Texas,United States,77656,GROUP_DEALER,FRANCHISE_DEALER,1211 US-96,,"{""lat"":30.3504593,""lng"":-94.1666738}"
14c63186cc,2e0d94823,Silsbee Ford,Silsbee Ford,silsbeeford.com,abhijeet.mitra@spyne.ai,Studio Live,Silsbee,,Texas,United States,77656,GROUP_DEALER,FRANCHISE_DEALER,1211 US-96,,"{""lat"":30.3504593,""lng"":-94.1666738}"
38597ce315,0980fbfb5,Silverline Auto Group,Silverline Auto Group,drivesilverline.com,abhijeet.mitra@spyne.ai,Studio Future Churn,Flushing,NA,NY,United States,11372,INDIVIDUAL_DEALER,FRANCHISE_DEALER,"Silverline Auto Group 70-02 Northern Blvd  Flushing,NY11372",,"{""lat"":37.7749,""lng"":-122.4194}"
ebbefdbb-5,d94a891e5,Buick GMC Cadillac Subaru,Simmons-Rockwell Automotive Dealerships,srgmcny.com,jaspreet.kaur@spyne.ai,Studio Live,64 Elmira,,New York,United States,14903,INDIVIDUAL_DEALER,FRANCHISE_DEALER,784 County Rd.,,"{""lat"":42.1527907,""lng"":-76.8863146}"
33c5b653-5,d94a891e5,CDJR_1,Simmons-Rockwell Automotive Dealerships,simmonsrockwelldcj.com,jaspreet.kaur@spyne.ai,Studio Live,64 Elmira,,New York,United States,14903,INDIVIDUAL_DEALER,FRANCHISE_DEALER,784 County Rd.,,"{""lat"":42.1527907,""lng"":-76.8863146}"
5475b886-f,d94a891e5,Chevrolet Buick GMC Bath,Simmons-Rockwell Automotive Dealerships,srchevy.com,jaspreet.kaur@spyne.ai,Studio Live,64 Elmira,,New York,United States,14903,INDIVIDUAL_DEALER,FRANCHISE_DEALER,784 County Rd.,,"{""lat"":42.1527907,""lng"":-76.8863146}"
cc5e8e43-d,d94a891e5,Ford Bath,Simmons-Rockwell Automotive Dealerships,simmonsrockwellfordofbath.com,jaspreet.kaur@spyne.ai,Studio Live,64 Elmira,,New York,United States,14903,INDIVIDUAL_DEALER,FRANCHISE_DEALER,784 County Rd.,,"{""lat"":42.1527907,""lng"":-76.8863146}"
3e0092fb-f,d94a891e5,Ford Halstead PA,Simmons-Rockwell Automotive Dealerships,simmonsrockwellfordofhallstead.com,jaspreet.kaur@spyne.ai,Studio Live,Hallstead,,Pennsylvania,United States,18822,INDIVIDUAL_DEALER,FRANCHISE_DEALER,23761 US-11,,"{""lat"":41.9681103,""lng"":-75.7408789}"
e0760766-c,d94a891e5,Ford Hornell,Simmons-Rockwell Automotive Dealerships,simmonsrockwellford.com,jaspreet.kaur@spyne.ai,Studio Live,Hornell,,New York,United States,14843,INDIVIDUAL_DEALER,FRANCHISE_DEALER,1160 County Rte 66,,"{""lat"":42.3278477,""lng"":-77.6611025}"
1bc08021-0,d94a891e5,Hyundai_1,Simmons-Rockwell Automotive Dealerships,srhyundai.com,jaspreet.kaur@spyne.ai,Studio Live,64 Elmira,,New York,United States,14903,INDIVIDUAL_DEALER,FRANCHISE_DEALER,784 County Rd.,,"{""lat"":42.1527907,""lng"":-76.8863146}"
5a1f3bdf-1,d94a891e5,Mitsubishi,Simmons-Rockwell Automotive Dealerships,simmons-rockwell.com,jaspreet.kaur@spyne.ai,Studio Live,64 Elmira,,New York,United States,14903,INDIVIDUAL_DEALER,FRANCHISE_DEALER,784 County Rd.,,"{""lat"":42.1527907,""lng"":-76.8863146}"
0f51cef3-f,d94a891e5,Nissan Hornell,Simmons-Rockwell Automotive Dealerships,simmonsrockwellnissanofhornell.com,jaspreet.kaur@spyne.ai,Studio Live,64 Elmira,,New York,United States,14903,INDIVIDUAL_DEALER,FRANCHISE_DEALER,784 County Rd.,,"{""lat"":42.1527907,""lng"":-76.8863146}"
e48f40cf-a,d94a891e5,Nissan Superstore Elmira,Simmons-Rockwell Automotive Dealerships,simmonsrockwellnissan.com,jaspreet.kaur@spyne.ai,Studio Live,64 Elmira,,New York,United States,14903,INDIVIDUAL_DEALER,FRANCHISE_DEALER,784 County Rd.,,"{""lat"":42.1527907,""lng"":-76.8863146}"
8805b558-b,970786977,Aristocrat Motors,Soave Automotive Group,aristocratmotors.com,jaspreet.kaur@spyne.ai,Studio Live,"Topeka, Kansas, Lee's summit, Merriam",,Kansas and Missouri,United States,66203,GROUP_DEALER,FRANCHISE_DEALER,9400 W 65th St,,"{""lat"":39.011313,""lng"":-94.694945}"
42bbb004-1,970786977,Aristocrat Motors Lee's Summit,Soave Automotive Group,aristocratmotors.com,jaspreet.kaur@spyne.ai,Studio Live,Kansas City,,Missouri,United States,64081,GROUP_DEALER,FRANCHISE_DEALER,704 SE Oldham Ct,,"{""lat"":38.9021696,""lng"":-94.362775}"
e035659a-f,970786977,Aristocrat Motors Topeka,Soave Automotive Group,aristocratmotorstopeka.com,jaspreet.kaur@spyne.ai,Studio Live,"Topeka, Kansas, Lee's summit, Merriam",,Kansas and Missouri,United States,66611,GROUP_DEALER,FRANCHISE_DEALER,3030 S Kansas Ave,,"{""lat"":39.013013,""lng"":-95.6814132}"
a3cc43e9-f,970786977,Mercedes-Benz of Kansas City South,Soave Automotive Group,mbkcsouth.com,jaspreet.kaur@spyne.ai,Studio Live,"Topeka, Kansas, Lee's summit, Merriam",,Kansas and Missouri,United States,64145,GROUP_DEALER,FRANCHISE_DEALER,13851 Madison Ave,,"{""lat"":38.8730161,""lng"":-94.6062279}"
21dc683b7d,c28312b27,Sound auto and finance,Sound auto and finance,soundautoandfinance.com,garvit.sharma@spyne.ai,Studio Live,Tacoma,,Washington,United States,98422,INDIVIDUAL_DEALER,INDEPENDENT_DEALER,8415 Pacific Hwy E,,"{""lat"":47.2625912,""lng"":-122.3382885}"
4c922b9238,4c22dca90,Southbank Dodge Chrysler (1982) Ltd,Southbank Dodge Chrysler (1982) Ltd,southbank.ca,prathamesh.prashant@spyne.ai,Studio Live,Ottawa,Ottawa,Ontario,Canada,K1V 8Z1,INDIVIDUAL_DEALER,INDEPENDENT_DEALER,"1255, Johnston Road","South Keys - Heron Gate - Greenboro West, Ottawa","{""lat"":45.3615082,""lng"":-75.6555635}"
cf3122bea,346ac1d22,Southern Ford of Thomaston_2,Southern Ford of Thomaston,southernfordofthomaston.com,vishal.singh1@spyne.ai,Studio Live,Thomaston,,Georgia,United States,30286,INDIVIDUAL_DEALER,FRANCHISE_DEALER,1011 Highway 19 North,,"{""lat"":32.9195145,""lng"":-84.3372169}"
72dd5c5616,ea97c42e7,Spangler Subaru,Spangler Subaru,spanglersubaru.com,sanyam.tyagi@spyne.ai,Studio Live,Johnstown,,Pennsylvania,United States,15904,INDIVIDUAL_DEALER,INDEPENDENT_DEALER,219 Alvin St,,"{""lat"":40.2838322,""lng"":-78.8485705}"
40d0d59d75,7a0316bc8,C.Speck Motors,Speck Dealerships,cspeckmotors.com,abhijeet.mitra@spyne.ai,Studio Churned,Sunnyside,Yakima County,Washington,United States,98944,GROUP_DEALER,FRANCHISE_DEALER,"61, East Allen Road",Yakima County,"{""lat"":46.3131089,""lng"":-119.9763372}"
ea2bf0225f,7a0316bc8,Speck Buick GMC of Tri-Cities,Speck Dealerships,speckbuickgmc.com,abhijeet.mitra@spyne.ai,Studio Churned,Pasco,,Washington,United States,99301,GROUP_DEALER,FRANCHISE_DEALER,9610 Sandifur Pkwy,,"{""lat"":46.2780855,""lng"":-119.1584251}"
55ae1e4ec6,7a0316bc8,Speck Chevrolet of Prosser,Speck Dealerships,speckchevyprosser.com,abhijeet.mitra@spyne.ai,Studio Churned,Prosser,,Washington,United States,99350,GROUP_DEALER,FRANCHISE_DEALER,314 6th Street,,"{""lat"":46.207953,""lng"":-119.773358}"
5.88E+171,7a0316bc8,Speck Chrysler Dodge Jeep Ram,Speck Dealerships,,abhijeet.mitra@spyne.ai,Studio Churned,Sunnyside,,Washington,United States,98944,GROUP_DEALER,FRANCHISE_DEALER,125 E Allen Rd,,"{""lat"":46.3116019,""lng"":-119.9761077}"
09cd55bae9,7a0316bc8,Speck Ford of Prosser,Speck Dealerships,speckford.com,abhijeet.mitra@spyne.ai,Studio Churned,Prosser,,Washington,United States,99350,GROUP_DEALER,FRANCHISE_DEALER,630 Wine Country Rd,,"{""lat"":46.21802,""lng"":-119.7905273}"
92434e1d80,7a0316bc8,Speck Hyundai of Tri-Cities,Speck Dealerships,speckhyundai.com,abhijeet.mitra@spyne.ai,Studio Churned,Kennewick,,Washington,United States,99336,GROUP_DEALER,FRANCHISE_DEALER,2910 W Clearwater Ave,,"{""lat"":46.2131442,""lng"":-119.1605998}"
bf8548daa0,6460d434f,Speedway Subaru,Speedway Car Sales,speedwaysubaru.com,ishika.arora@spyne.ai,Studio Live,Indianapolis,,Indiana,United States,46222,GROUP_DEALER,FRANCHISE_DEALER,2447 W 16th Street,,"{""lat"":39.7875929,""lng"":-86.2026236}"
0abc268d5e,6460d434f,Speedway Volkswagen,Speedway Car Sales,speedwayvw.com,ishika.arora@spyne.ai,Studio Live,Indianapolis,,Indiana,United States,46202,GROUP_DEALER,FRANCHISE_DEALER,1930 W 16th St,,"{""lat"":39.7898587,""lng"":-86.1948119}"
bdc3db7167,6b9a25d35,Sport Durst CDJR,Sport Durst Automotive Group,,prabha.kumari@spyne.ai,Vini Live,Durham,Durham County,North Carolina,United States,27707,GROUP_DEALER,FRANCHISE_DEALER,"4511, Durham-Chapel Hill Boulevard",Durham County,"{""lat"":35.9617008,""lng"":-78.97469099999999}"
5f6644c1f1,6b9a25d35,Sport Durst Hyundai,Sport Durst Automotive Group,sportdursthyundai.com,prabha.kumari@spyne.ai,Vini Live,Durham,Durham County,North Carolina,United States,27707,GROUP_DEALER,FRANCHISE_DEALER,"4507, Durham-Chapel Hill Boulevard",Durham County,"{""lat"":35.9628683,""lng"":-78.9731587}"
27029bf75c,6b9a25d35,Sport Durst Mazda,Sport Durst Automotive Group,sportdurstmazda.com,prabha.kumari@spyne.ai,Vini Live,Durham,Durham County,North Carolina,United States,27707,GROUP_DEALER,FRANCHISE_DEALER,"4515, Durham-Chapel Hill Boulevard",Durham County,"{""lat"":35.9619106,""lng"":-78.9748947}"
a862eefd2e,6b9a25d35,Sport Durst Mazda of Goldsboro,Sport Durst Automotive Group,sportdurstmazdaofgoldsboro.com,prabha.kumari@spyne.ai,Vini Live,Goldsboro,Wayne County,North Carolina,United States,27534,GROUP_DEALER,FRANCHISE_DEALER,"3405, McLain Street",Wayne County,"{""lat"":35.364952,""lng"":-77.9278003}"
cb9198f115,6b9a25d35,Sport Durst Subaru,Sport Durst Automotive Group,,prabha.kumari@spyne.ai,Vini Live,Jacksonville,Onslow County,North Carolina,United States,28546,GROUP_DEALER,FRANCHISE_DEALER,"2400, North Marine Boulevard",Onslow County,"{""lat"":34.7839191,""lng"":-77.3820002}"
73ff62fd21,6b9a25d35,Sport Durst VolksWagen of Goldsboro,Sport Durst Automotive Group,,prabha.kumari@spyne.ai,Vini Live,Goldsboro,Wayne County,North Carolina,United States,27534,GROUP_DEALER,FRANCHISE_DEALER,"3501, McLain Street",Wayne County,"{""lat"":35.3642756,""lng"":-77.92753239999999}"
5b65de92e5,6b9a25d35,Sport Durst Volkswagen of Jacks,Sport Durst Automotive Group,,prabha.kumari@spyne.ai,Vini Live,Jacksonville,Onslow County,North Carolina,United States,28546,GROUP_DEALER,FRANCHISE_DEALER,"2406, North Marine Boulevard",Onslow County,"{""lat"":34.7848942,""lng"":-77.380848}"
6aa8bcbe0,bdfdd8b45,14367709,Springfield Auto Pros,,manpreet.kaur@spyne.ai,Studio Future Churn,Springfield,,Missouri,United States,65807,INDIVIDUAL_DEALER,INDEPENDENT_DEALER,,,"{""lat"":37.2081729,""lng"":-93.2922715}"
9a66163112,3bcb3b851,taty,Springfield Luxury Automall,springfieldluxuryautomall.com,sanyam.tyagi@spyne.ai,Studio Live,Springfield,,New Jersey,United States,7081,INDIVIDUAL_DEALER,FRANCHISE_DEALER,305 US Highway 22,,"{""lat"":40.6844064,""lng"":-74.330217}"
593245ee98,39839bb64,Sprinkler Used Cars,Sprinkler Used Cars,sprinklerusedcars.com,garvit.sharma@spyne.ai,Studio Live,Longmont,,Colorado,United States,80501,INDIVIDUAL_DEALER,INDEPENDENT_DEALER,1011 S Main St,,"{""lat"":40.147433,""lng"":-105.1034679}"
81bd5ce62d,0b6e260c2,Star Motors,Star Motors,starmotorsga.com,garvit.sharma@spyne.ai,Studio Live,Alpharetta,,Georgia,United States,30004,INDIVIDUAL_DEALER,INDEPENDENT_DEALER,6270 Atlanta Hwy,,"{""lat"":34.1310543,""lng"":-84.2525949}"
beffd2fb-4,6b212a82f,Ford,Starling Auto Group,ford.com.ge,abhijeet.mitra@spyne.ai,Studio Live,Stuart,,Florida,United States,34994,GROUP_DEALER,FRANCHISE_DEALER,2445 Se Federal Hwy,,"{""lat"":27.1750651,""lng"":-80.2330466}"
5382f12f-a,6b212a82f,Honda,Starling Auto Group,honda2wheelersindia.com,abhijeet.mitra@spyne.ai,Studio Live,Titusville,,Florida,United States,32780,GROUP_DEALER,FRANCHISE_DEALER,1350 S Washington Ave,,"{""lat"":28.533399,""lng"":-80.7914156}"
82a364a5be,6b212a82f,St Cloud Chevy New,Starling Auto Group,,abhijeet.mitra@spyne.ai,Studio Live,Saint Cloud,,Florida,United States,34769,GROUP_DEALER,FRANCHISE_DEALER,1001 E US Hwy 192,,"{""lat"":28.2485622,""lng"":-81.3090449}"
701001d555,6b212a82f,St Cloud GMC New,Starling Auto Group,,abhijeet.mitra@spyne.ai,Studio Live,Saint Cloud,,Florida,United States,34769,GROUP_DEALER,FRANCHISE_DEALER,1001 E US Hwy 192,,"{""lat"":28.2485622,""lng"":-81.3090449}"
2e7997cfb4,6b212a82f,St Cloud Used,Starling Auto Group,,abhijeet.mitra@spyne.ai,Studio Live,Saint Cloud,,Florida,United States,34769,GROUP_DEALER,FRANCHISE_DEALER,1001 E US Hwy 192,,"{""lat"":28.2485622,""lng"":-81.3090449}"
d3447abdf1,6b212a82f,Starling Buick GMC,Starling Auto Group,starling-buickgmc.com,abhijeet.mitra@spyne.ai,Studio Live,Stuart,,Florida,United States,34994,GROUP_DEALER,FRANCHISE_DEALER,2445 Se Federal Hwy,,"{""lat"":27.1750651,""lng"":-80.2330466}"
9132fbae23,6b212a82f,Titusville New,Starling Auto Group,,abhijeet.mitra@spyne.ai,Studio Live,Titusville,,Florida,United States,32780,GROUP_DEALER,FRANCHISE_DEALER,1350 S Washington Ave,,"{""lat"":28.533399,""lng"":-80.7914156}"
1324eaf41d,6b212a82f,Titusville Used,Starling Auto Group,,abhijeet.mitra@spyne.ai,Studio Live,Titusville,,Florida,United States,32780,GROUP_DEALER,FRANCHISE_DEALER,1350 S Washington Ave,,"{""lat"":28.533399,""lng"":-80.7914156}"
83bb80933,96d596c79,259037,Starling Chevrolet,starlingchevy.com,abhijeet.mitra@spyne.ai,Studio Live,Orlando,,Florida,United States,32837,GROUP_DEALER,FRANCHISE_DEALER,13155 S Orange Blossom Trl,,"{""lat"":28.3740526,""lng"":-81.4042957}"
b7d215299,96d596c79,306503,Starling Chevrolet,starlingchevy.com,abhijeet.mitra@spyne.ai,Studio Live,Orlando,,Florida,United States,32837,GROUP_DEALER,FRANCHISE_DEALER,13155 S Orange Blossom Trl,,"{""lat"":28.3740526,""lng"":-81.4042957}"
fb0def59a,96d596c79,New,Starling Chevrolet,starlingchevy.com,abhijeet.mitra@spyne.ai,Studio Live,Orlando,,Florida,United States,32837,GROUP_DEALER,FRANCHISE_DEALER,13155 S Orange Blossom Trl,,"{""lat"":28.3740526,""lng"":-81.4042957}"
ba7ded506,96d596c79,Vauto Feed,Starling Chevrolet,starlingchevy.com,abhijeet.mitra@spyne.ai,Studio Live,Orlando,,Florida,United States,32837,GROUP_DEALER,FRANCHISE_DEALER,13155 S Orange Blossom Trl,,"{""lat"":28.3740526,""lng"":-81.4042957}"
498e522278,0a60d1e7b,Stillwell Ford,Stillwell Ford,blacklocksskoda.com.au,deepanshu.agarwal@spyne.ai,Vini Live,Hillsdale,Hillsdale County,Michigan,United States,49242,INDIVIDUAL_DEALER,FRANCHISE_DEALER,"3780, West Carleton Road",Hillsdale County,"{""lat"":41.9541833,""lng"":-84.6638615}"
c3e9419d95,5791e202d,Stouffair Motors,Stouffair Motors,,support@spyne.ai,Studio Onboarding,Hillsboro,Washington County,Oregon,United States,97123,INDIVIDUAL_DEALER,INDEPENDENT_DEALER,"739, Southwest Armco Avenue",Washington County,"{""lat"":45.5170404,""lng"":-123.0014578}"
8207e45e8b,8dbb5b5c1,ossy,Streamline Motorsports,,,Studio Live,Portland,,Oregon,United States,97216,INDIVIDUAL_DEALER,,1550 SE 82nd Ave,,"{""lat"":45.5116463,""lng"":-122.5782845}"
e24b93577,266afc91d,Street Toyota_1,Street Toyota,streettoyota.com,rupesh.rawat@spyne.ai,Studio Live,Amarillo,,Texas,United States,79119,INDIVIDUAL_DEALER,FRANCHISE_DEALER,4500 South Soncy Road,,"{""lat"":35.1606924,""lng"":-101.9396474}"
105e8158-a,3ae528077,Nations Auto Sales,Strunk Exotics(Nations Auto Sales & EZ Breezy Auto,ezbreezyautosales.com,prathamesh.prashant@spyne.ai,Studio Live,Lakewood,,Colorado,United States,80214,INDIVIDUAL_DEALER,INDEPENDENT_DEALER,6295 W Colfax Ave,,"{""lat"":39.7406766,""lng"":-105.06839}"
84defbc761,3ae528077,Strunk Exotics(Nations Auto Sales & EZ Breezy Auto_1,Strunk Exotics(Nations Auto Sales & EZ Breezy Auto,ezbreezyautosales.com,prathamesh.prashant@spyne.ai,Studio Live,Lakewood,,Colorado,United States,80214,INDIVIDUAL_DEALER,INDEPENDENT_DEALER,6295 W Colfax Ave,,"{""lat"":39.7406766,""lng"":-105.06839}"
d353bcb8-f,3ae528077,Strunk Exotics(Nations Auto Sales & EZ Breezy Auto_2,Strunk Exotics(Nations Auto Sales & EZ Breezy Auto,ezbreezyautosales.com,prathamesh.prashant@spyne.ai,Studio Live,Lakewood,,Colorado,United States,80214,INDIVIDUAL_DEALER,INDEPENDENT_DEALER,6295 W Colfax Ave,,"{""lat"":39.7406766,""lng"":-105.06839}"
8bf348e28,edb88e728,Subaru of Cherry Hill,Subaru of Cherry Hill LLC,subaruofcherryhill.com,sanyam.tyagi@spyne.ai,Studio Live,Cherry Hill,,New Jersey,United States,8002,INDIVIDUAL_DEALER,FRANCHISE_DEALER,1800 Marlton Pike,,"{""lat"":39.9192639,""lng"":-75.0322453}"
985248de92,b4ee6788e,Subaru Of Columbia,"Subaru of Columbia (CMSUB, LLC)",subaruofcolumbia.com,abhijeet.mitra@spyne.ai,Studio Churned,Columbia,,Missouri,United States,65203,INDIVIDUAL_DEALER,FRANCHISE_DEALER,1200 I-70 Drive SW,,"{""lat"":38.9649811,""lng"":-92.3541279}"
ba2110c79,be51c3b05,SUBARU OF GWINNETT_2,Subaru of Gwinnett,subaruofgwinnett.com,sanyam.tyagi@spyne.ai,Studio Live,Duluth,,Georgia,United States,30096,INDIVIDUAL_DEALER,FRANCHISE_DEALER,2950 Satellite BVLD. Duluth GA,,"{""lat"":34.0028569,""lng"":-84.1441046}"
87ed298fb2,d5b7e5fda,"Sunny and 70 Auto Sales, LLC","Sunny and 70 Auto Sales, LLC",sunnyand70autosales.com,garvit.sharma@spyne.ai,Studio Live,Candler,,North Carolina,United States,28715,INDIVIDUAL_DEALER,INDEPENDENT_DEALER,1528 Smokey Park Highway,,"{""lat"":35.5441552,""lng"":-82.686305}"
3922e58f4f,877d82ed4,"Superior Auto, INC","Superior Auto, INC",superior-auto.com,rupesh.rawat@spyne.ai,Studio Live,Fort Wayne,,Indiana,United States,46835,INDIVIDUAL_DEALER,INDEPENDENT_DEALER,"6642 St. Joe Road, Suite 200",,"{""lat"":41.1433731,""lng"":-85.0902128}"
3922e58f4f,877d82ed4,"Superior Auto, INC","Superior Auto, INC",superior-auto.com,vishal.singh1@spyne.ai,Vini Live,Fort Wayne,,Indiana,United States,46835,INDIVIDUAL_DEALER,INDEPENDENT_DEALER,"6642 St. Joe Road, Suite 200",,"{""lat"":41.1433731,""lng"":-85.0902128}"
8829dab372,5f3e806ef,TNS Autosports,TNS Autosports,tnsautosportskc.com,prathamesh.prashant@spyne.ai,Studio Live,Kansas City,,Missouri,United States,64116,INDIVIDUAL_DEALER,INDEPENDENT_DEALER,2520 Burlington St,,"{""lat"":39.1469803,""lng"":-94.5801313}"
9f0caa33d9,91751c361,TRD Motors LLC,TRD Motors LLC,trdmotorsllc.com,,Studio Live,Portland,Multnomah County,Oregon,United States,97202,INDIVIDUAL_DEALER,INDEPENDENT_DEALER,"323, Southeast Division Place","Hosford-Abernethy, Multnomah County","{""lat"":45.50526240000001,""lng"":-122.6624071}"
9f0caa33d9,91751c361,TRD Motors LLC,TRD Motors LLC,trdmotorsllc.com,sudansh.tiruwa@spyne.ai,Vini Live,Portland,Multnomah County,Oregon,United States,97202,INDIVIDUAL_DEALER,INDEPENDENT_DEALER,"323, Southeast Division Place","Hosford-Abernethy, Multnomah County","{""lat"":45.50526240000001,""lng"":-122.6624071}"
cc292c7ade,5fd31e3bc,TX Auto Group,TX Auto Group,txautogroup.com,vishal.singh1@spyne.ai,Studio Live,Houston,,Texas,United States,77057,INDIVIDUAL_DEALER,INDEPENDENT_DEALER,5803 Richmond Ave,,"{""lat"":29.7314369,""lng"":-95.4806184}"
a3bcbf515,0466e634b,Tauke Motors Incorporated_2,Tauke Motors Incorporated,taukemotors.net,sanyam.tyagi@spyne.ai,Studio Live,Dyersville,,Iowa,United States,52040,INDIVIDUAL_DEALER,FRANCHISE_DEALER,1000 9th St SE,,"{""lat"":42.476524,""lng"":-91.11437}"
a7daa51f2,cb2904b17,Taylor BMW,Taylor BMW,taylorbmw.com,vishal.singh1@spyne.ai,Studio Live,Evans,,Georgia,United States,30809,INDIVIDUAL_DEALER,FRANCHISE_DEALER,4180 Washington Rd,,"{""lat"":33.5187797,""lng"":-82.1175537}"
e62524671,ec0a74d67,Team Nissan of New Hampshire,Team Nissan Inc,teamnissan.com,sanyam.tyagi@spyne.ai,Studio Live,Manchester,,New Hampshire,United States,3103,INDIVIDUAL_DEALER,FRANCHISE_DEALER,70 Keller St,,"{""lat"":42.9530969,""lng"":-71.4424595}"
ea9983c91a,935e4f96c,Terry Auto Group _2,Terry Auto Group,terryautogroup.com,ishika.arora@spyne.ai,Studio Live,Lynchburg,,Virginia,United States,24502,GROUP_DEALER,FRANCHISE_DEALER,19134 Forest Rd,,"{""lat"":37.3913529,""lng"":-79.2377412}"
9e0dcf268,f5d12670d,Don Carnton Honda,Teton solutions Group,cumminscadillac.com,akash.jaiswal@spyne.ai,Studio Live,Weatherford,,Oklahoma,United States,73096,PARTNER,,1300 N Airport Rd,,"{""lat"":35.538596,""lng"":-98.65858}"
bc4f14a87,f5d12670d,Don MP4123 CarltonHonda,Teton solutions Group,cumminscadillac.com,akash.jaiswal@spyne.ai,Studio Live,Weatherford,,Oklahoma,United States,73096,PARTNER,,1300 N Airport Rd,,"{""lat"":35.538596,""lng"":-98.65858}"
5df7ac4abc,f5d12670d,Don Thornton Cadillac of Tulsa,Teton solutions Group,,akash.jaiswal@spyne.ai,Studio Live,Norman,Tulsa,Oklahoma,USA,74145,INDIVIDUAL_DEALER,FRANCHISE_DEALER,3939 S Memorial Dr,,"{""lat"":35.2215893,""lng"":-97.4446151}"
2617a0de2,f5d12670d,Fowler Ford Of Tulsa,Teton solutions Group,cumminscadillac.com,akash.jaiswal@spyne.ai,Studio Live,Weatherford,,Oklahoma,United States,73096,PARTNER,,1300 N Airport Rd,,"{""lat"":35.538596,""lng"":-98.65858}"
4996bbf6b,f5d12670d,Fowler Honda_1,Teton solutions Group,cumminscadillac.com,akash.jaiswal@spyne.ai,Studio Live,Weatherford,,Oklahoma,United States,73096,PARTNER,,1300 N Airport Rd,,"{""lat"":35.538596,""lng"":-98.65858}"
8ec3c8ab6,f5d12670d,Fowler Toyota-Norman,Teton solutions Group,cumminscadillac.com,akash.jaiswal@spyne.ai,Studio Live,Weatherford,,Oklahoma,United States,73096,PARTNER,,1300 N Airport Rd,,"{""lat"":35.538596,""lng"":-98.65858}"
3237abff4,f5d12670d,JNT1,Teton solutions Group,cumminscadillac.com,akash.jaiswal@spyne.ai,Studio Live,Weatherford,,Oklahoma,United States,73096,PARTNER,,1300 N Airport Rd,,"{""lat"":35.538596,""lng"":-98.65858}"
ea4ae9e2d,f5d12670d,Jackie Cooper Imports,Teton solutions Group,cumminscadillac.com,akash.jaiswal@spyne.ai,Studio Live,Weatherford,,Oklahoma,United States,73096,PARTNER,,1300 N Airport Rd,,"{""lat"":35.538596,""lng"":-98.65858}"
9bb29b2b0,f5d12670d,Jackie Cooper Infiniti,Teton solutions Group,cumminscadillac.com,akash.jaiswal@spyne.ai,Studio Live,Weatherford,,Oklahoma,United States,73096,PARTNER,,1300 N Airport Rd,,"{""lat"":35.538596,""lng"":-98.65858}"
30c30c5b4,f5d12670d,Jackie Cooper Nissan,Teton solutions Group,cumminscadillac.com,akash.jaiswal@spyne.ai,Studio Live,Weatherford,,Oklahoma,United States,73096,PARTNER,,1300 N Airport Rd,,"{""lat"":35.538596,""lng"":-98.65858}"
9a6edb08e,f5d12670d,Jeremy Franklin Automotive of Blue springs,Teton solutions Group,cumminscadillac.com,akash.jaiswal@spyne.ai,Studio Live,Weatherford,,Oklahoma,United States,73096,PARTNER,,1300 N Airport Rd,,"{""lat"":35.538596,""lng"":-98.65858}"
c4bebdc58,f5d12670d,Jeremy Franklin Mitsubishi,Teton solutions Group,cumminscadillac.com,akash.jaiswal@spyne.ai,Studio Live,Weatherford,,Oklahoma,United States,73096,PARTNER,,1300 N Airport Rd,,"{""lat"":35.538596,""lng"":-98.65858}"
4e20045da,f5d12670d,Jim norton ford,Teton solutions Group,cumminscadillac.com,akash.jaiswal@spyne.ai,Studio Live,Weatherford,,Oklahoma,United States,73096,PARTNER,,1300 N Airport Rd,,"{""lat"":35.538596,""lng"":-98.65858}"
c83c0d35c,f5d12670d,Kia Boomer_2,Teton solutions Group,cumminscadillac.com,akash.jaiswal@spyne.ai,Studio Live,Weatherford,,Oklahoma,United States,73096,PARTNER,,1300 N Airport Rd,,"{""lat"":35.538596,""lng"":-98.65858}"
0e5a1cdc3,f5d12670d,Kia Sooner,Teton solutions Group,cumminscadillac.com,akash.jaiswal@spyne.ai,Studio Live,Weatherford,,Oklahoma,United States,73096,PARTNER,,1300 N Airport Rd,,"{""lat"":35.538596,""lng"":-98.65858}"
8769b2f41,f5d12670d,Midtown Kia,Teton solutions Group,cumminscadillac.com,akash.jaiswal@spyne.ai,Studio Live,Weatherford,,Oklahoma,United States,73096,PARTNER,,1300 N Airport Rd,,"{""lat"":35.538596,""lng"":-98.65858}"
daa2728e6,f5d12670d,ORR Nissan,Teton solutions Group,cumminscadillac.com,akash.jaiswal@spyne.ai,Studio Live,Weatherford,,Oklahoma,United States,73096,PARTNER,,1300 N Airport Rd,,"{""lat"":35.538596,""lng"":-98.65858}"
cf4026de7,f5d12670d,Post Oak Toyota,Teton solutions Group,cumminscadillac.com,akash.jaiswal@spyne.ai,Studio Live,Weatherford,,Oklahoma,United States,73096,PARTNER,,1300 N Airport Rd,,"{""lat"":35.538596,""lng"":-98.65858}"
12bed212b4,f5d12670d,Seth Wadley Customz,Teton solutions Group,,akash.jaiswal@spyne.ai,Studio Live,Mo,Purcell,Oklahoma,USA,73080,GROUP_DEALER,FRANCHISE_DEALER,2311 N 9th Ave,,"{""lat"":39.0169509,""lng"":-94.2816148}"
e461b726e9,f5d12670d,Teton Solutions Group,Teton solutions Group,cumminscadillac.com,akash.jaiswal@spyne.ai,Studio Live,Weatherford,,Oklahoma,United States,73096,PARTNER,,1300 N Airport Rd,,"{""lat"":35.538596,""lng"":-98.65858}"
6f76e3171,f5d12670d,bob moore Nissan,Teton solutions Group,cumminscadillac.com,akash.jaiswal@spyne.ai,Studio Live,Weatherford,,Oklahoma,United States,73096,PARTNER,,1300 N Airport Rd,,"{""lat"":35.538596,""lng"":-98.65858}"
405cd4c2-2,f5d12670d,cadillac cummins,Teton solutions Group,cumminscadillac.com,akash.jaiswal@spyne.ai,Studio Live,Weatherford,,Oklahoma,United States,73096,PARTNER,,1300 N Airport Rd,,"{""lat"":35.538596,""lng"":-98.65858}"
99c03277f,f5d12670d,fowler dodge_3,Teton solutions Group,cumminscadillac.com,akash.jaiswal@spyne.ai,Studio Live,Weatherford,,Oklahoma,United States,73096,PARTNER,,1300 N Airport Rd,,"{""lat"":35.538596,""lng"":-98.65858}"
d08f24823,f5d12670d,jim norton toyota,Teton solutions Group,cumminscadillac.com,akash.jaiswal@spyne.ai,Studio Live,Weatherford,,Oklahoma,United States,73096,PARTNER,,1300 N Airport Rd,,"{""lat"":35.538596,""lng"":-98.65858}"
e8caa824d,999754aca,The Ford Store Morgan Hill_2,The Ford Store Morgan Hill,fordstoremorganhill.com,vishal.singh1@spyne.ai,Studio Live,Morgan Hill,,California,United States,95037,INDIVIDUAL_DEALER,FRANCHISE_DEALER,17045 Condit Rd,,"{""lat"":37.134747,""lng"":-121.6328563}"
54b131684,2f70abb46,Brockton,The Garage,thegaragecars.com,garvit.sharma@spyne.ai,Studio Live,Brockton,,Massachusetts,United States,2301,GROUP_DEALER,INDEPENDENT_DEALER,663 Main St.,,"{""lat"":42.0719076,""lng"":-71.0188871}"
c92d84a0d,2f70abb46,Whitman,The Garage,thegaragecars.com,garvit.sharma@spyne.ai,Studio Live,Whitman,,Massachusetts,United States,2382,GROUP_DEALER,INDEPENDENT_DEALER,849 Temple St,,"{""lat"":42.0821062,""lng"":-70.9668745}"
3bac4bff-3,8b26bd689,Think Reliable Auto_1,Think Reliable Auto,thinkreliableauto.com,prathamesh.prashant@spyne.ai,Studio Live,Wisconsin,,Sturgeon Bay,United States,54235,INDIVIDUAL_DEALER,INDEPENDENT_DEALER,456 JEFFERSON ST,,"{""lat"":44.8376689,""lng"":-87.3768214}"
1156ea8cde,4fb3c2967,Toyota of Bay Ridge Brooklyn,Titan Motor Group,,ishika.arora@spyne.ai,Studio Live,Brooklyn,Kings County,New York,United States,11220,INDIVIDUAL_DEALER,FRANCHISE_DEALER,"6401, 6th Avenue","Sunset Park, Kings County","{""lat"":40.6355716,""lng"":-74.0162805}"
26fe9492b9,82255fce5,Toronto Honda,Toronto Honda,torontohonda.com,abhijeet.mitra@spyne.ai,Studio Live,Toronto,Toronto,Ontario,Canada,M4C 1K6,INDIVIDUAL_DEALER,FRANCHISE_DEALER,"2300, Danforth Avenue","East York, Toronto","{""lat"":43.687039,""lng"":-79.308088}"
26fe9492b9,82255fce5,Toronto Honda,Toronto Honda,torontohonda.com,sudansh.tiruwa@spyne.ai,Vini Live,Toronto,Toronto,Ontario,Canada,M4C 1K6,INDIVIDUAL_DEALER,FRANCHISE_DEALER,"2300, Danforth Avenue","East York, Toronto","{""lat"":43.687039,""lng"":-79.308088}"
95f9ad417,a8c93bf9f,Towne Chevrolet NYC,Towne Ford Inc,townecdjr.com,jaspreet.kaur@spyne.ai,Studio Live,North Collins,,New York,United States,14111,GROUP_DEALER,FRANCHISE_DEALER,11208 Gowanda State Rd,,"{""lat"":42.5754873,""lng"":-78.9397405}"
3285e0f20,a8c93bf9f,Towne Chrysler store,Towne Ford Inc,townecdjr.com,jaspreet.kaur@spyne.ai,Studio Live,Orchard Park,,New York,United States,14127,GROUP_DEALER,FRANCHISE_DEALER,5130 Camp Rd Hamburg,,"{""lat"":42.7670376,""lng"":-78.7435517}"
a3c30db0e,a8c93bf9f,towne auto group NY,Towne Ford Inc,townecdjr.com,jaspreet.kaur@spyne.ai,Studio Live,Orchard Park,,New York,United States,14127,GROUP_DEALER,FRANCHISE_DEALER,3535 Southwestern Blvd,,"{""lat"":42.7867663,""lng"":-78.7613424}"
442e99d365,5f1f58407,Toyota Of Wallingford,Toyota Of Wallingford,wow-toyota.com,sanyam.tyagi@spyne.ai,Studio Live,Wallingford,,Connecticut,United States,6492,INDIVIDUAL_DEALER,FRANCHISE_DEALER,859-861 N Colony Rd,,"{""lat"":41.481727,""lng"":-72.8103468}"
b82d7e1983,911aafa9c,Toyota Of Massapequa,Toyota of Massapequa,toyotaofmassapequany.com,sanyam.tyagi@spyne.ai,Studio Live,Seaford,,New York,United States,11783,GROUP_DEALER,FRANCHISE_DEALER,3660 Sunrise Hwy,,"{""lat"":40.6737707,""lng"":-73.497021}"
49eaa34b8d,c1096eb80,Trevinos Auto Mart ltd,Trevinos Auto Mart ltd,trevinosautomart.com,prathamesh.prashant@spyne.ai,Studio Live,McAllen,,Texas,United States,78503,INDIVIDUAL_DEALER,INDEPENDENT_DEALER,2409 S 23rd Street,,"{""lat"":26.1481966,""lng"":-98.2542499}"
a474e78d9,51909f6fe,Tropical Chevrolet Inc,Tropical Used Cars,miamichevy.com,rupesh.rawat@spyne.ai,Studio Live,Miami Shores,,Florida,United States,33138,INDIVIDUAL_DEALER,FRANCHISE_DEALER,8880 Biscayne Blvd,,"{""lat"":25.8560968,""lng"":-80.1854246}"
a474e78d9,51909f6fe,Tropical Chevrolet Inc,Tropical Used Cars,miamichevy.com,jagrit@spyne.ai,Vini Live,Miami Shores,,Florida,United States,33138,INDIVIDUAL_DEALER,FRANCHISE_DEALER,8880 Biscayne Blvd,,"{""lat"":25.8560968,""lng"":-80.1854246}"
6e00e5ea6,19600ea63,Tru West Auto,Tru West Auto,truwestcdjr.com,vishal.singh1@spyne.ai,Studio Live,Durango,,Colorado,United States,81303,INDIVIDUAL_DEALER,FRANCHISE_DEALER,82 Bodo Dr,,"{""lat"":37.2456732,""lng"":-107.8747193}"
0448fe0cbf,b0a3b0be3,Turn Auto Mall,Turn Auto Mall,turnautomall.com,garvit.sharma@spyne.ai,Studio Live,New Hyde Park,Nassau County,New York,United States,11040,INDIVIDUAL_DEALER,INDEPENDENT_DEALER,"2, Jericho Turnpike",Nassau County,"{""lat"":40.7304312,""lng"":-73.694405}"
0448fe0cbf,b0a3b0be3,Turn Auto Mall,Turn Auto Mall,turnautomall.com,,Vini Live,New Hyde Park,Nassau County,New York,United States,11040,INDIVIDUAL_DEALER,INDEPENDENT_DEALER,"2, Jericho Turnpike",Nassau County,"{""lat"":40.7304312,""lng"":-73.694405}"
9a8255000,119b87e93,Turpin Dodge Chrysler Jeep Ram,Turpin Dodge Chrysler Jeep Ram,turpindodgeofdubuque.net,vishal.singh1@spyne.ai,Studio Live,Dubuque,,Iowa,United States,52002,INDIVIDUAL_DEALER,FRANCHISE_DEALER,90 John F Kennedy Rd,,"{""lat"":42.4927155,""lng"":-90.7145055}"
9a9c3c4cdb,05c8dbbe2,Twin Rivers Chrysler Jeep Dodge Inc.,Twin Rivers Auto Group,twinriverschryslerjeepdodge.com,ishika.arora@spyne.ai,Studio Live,Beatrice,Gage County,Nebraska,United States,68310,INDIVIDUAL_DEALER,FRANCHISE_DEALER,"529, West Court Street",Gage County,"{""lat"":40.2653576,""lng"":-96.7643103}"
cc4409b403,05c8dbbe2,Twin Rivers Ford,Twin Rivers Auto Group,twinriversford.com,ishika.arora@spyne.ai,Studio Live,Fairbury,,Nebraska,United States,68352,INDIVIDUAL_DEALER,FRANCHISE_DEALER,601 5th Street Fairbury,,"{""lat"":40.136258,""lng"":-97.178419}"
3466c1a45d,ce545db1c,Ultimate Motor Cars Jacksonville,Ultimate Motor Cars LLC,,jaspreet.kaur@spyne.ai,Studio Live,Jacksonville,Duval County,Florida,United States,32225,INDIVIDUAL_DEALER,INDEPENDENT_DEALER,"9401, Atlantic Boulevard","Southside Estates, Duval County","{""lat"":30.3198257,""lng"":-81.55454420000001}"
d579b40c03,ce545db1c,Ultimate Motor Cars Saint Augustine,Ultimate Motor Cars LLC,,jaspreet.kaur@spyne.ai,Studio Live,St. Augustine,St. Johns County,Florida,United States,32095,INDIVIDUAL_DEALER,INDEPENDENT_DEALER,"4644, U.S. 1",St. Johns County,"{""lat"":29.9478133,""lng"":-81.3388449}"
a79aa058c7,371ffde90,United Motorz Inc,United Motorz Inc,unitedmotorz.com,sanyam.tyagi@spyne.ai,Studio Live,kitchener,,Ontario,Canada,N2P 2J5,INDIVIDUAL_DEALER,INDEPENDENT_DEALER,25 Sportsworld Dr,,"{""lat"":43.4075008,""lng"":-80.3938508}"
9c5db165-e,440ba82c5,volkswagen of duluth,VW of Duluth,vwofduluth.com,sanyam.tyagi@spyne.ai,Studio Live,Hermantown,,Minnesota,United States,55811,INDIVIDUAL_DEALER,FRANCHISE_DEALER,4735 Loberg Ave,,"{""lat"":46.8152243,""lng"":-92.1791157}"
618546870a,fcc547850,CDJR of Manitowoc,Van Horn Automotive Group,,ankur.batra@spyne.ai,Studio Live,Manitowoc,,Wisconsin,United States,54220,GROUP_DEALER,FRANCHISE_DEALER,4611 Expo Dr,,"{""lat"":44.0801495,""lng"":-87.706848}"
451af19129,fcc547850,CDJR of Plymouth,Van Horn Automotive Group,,ankur.batra@spyne.ai,Studio Live,Plymouth,,Wisconsin,United States,53073,GROUP_DEALER,FRANCHISE_DEALER,3000 Eastern Ave,,"{""lat"":43.7479961,""lng"":-87.945572}"
9374a58667,fcc547850,CDJR of Stoughton,Van Horn Automotive Group,vhchryslerstoughton.com,ankur.batra@spyne.ai,Studio Live,Stoughton,,Wisconsin,United States,53589,GROUP_DEALER,FRANCHISE_DEALER,1411 US Highway 51,,"{""lat"":42.9197286,""lng"":-89.2499648}"
e4aacb2c3f,fcc547850,CarsFor15K.com,Van Horn Automotive Group,carsfor15k.com,ankur.batra@spyne.ai,Studio Live,Plymouth,,Wisconsin,United States,53073,GROUP_DEALER,FRANCHISE_DEALER,N5908 Willow Rd,,"{""lat"":43.7333213,""lng"":-87.9212322}"
d356efe088,fcc547850,Chevrolet of Plymouth,Van Horn Automotive Group,,ankur.batra@spyne.ai,Studio Live,Plymouth,,Wisconsin,United States,53073,GROUP_DEALER,FRANCHISE_DEALER,3008 EASTERN AVEPLYMOUTH,,"{""lat"":43.7486054,""lng"":-87.977038}"
48941ca2ca,fcc547850,Ford of Lomira,Van Horn Automotive Group,,ankur.batra@spyne.ai,Studio Live,Lomira,,Wisconsin,United States,53048,GROUP_DEALER,FRANCHISE_DEALER,700 East Avenue,,"{""lat"":43.5904379,""lng"":-88.433946}"
1ff828abdc,fcc547850,Ford of Oconomowoc,Van Horn Automotive Group,,ankur.batra@spyne.ai,Studio Live,Oconomowoc,,Wisconsin,United States,53066,GROUP_DEALER,FRANCHISE_DEALER,1000 E Summit Ave,,"{""lat"":43.088981,""lng"":-88.4729703}"
9be54e9b55,fcc547850,Ford of Sheboygan,Van Horn Automotive Group,,ankur.batra@spyne.ai,Studio Live,Sheboygan,,Wisconsin,United States,53081,GROUP_DEALER,FRANCHISE_DEALER,3624 Kohler Memorial Drive,,"{""lat"":43.7559296,""lng"":-87.755292}"
96308fc5e4,fcc547850,Honda of Glendale,Van Horn Automotive Group,,ankur.batra@spyne.ai,Studio Live,Glendale,,Wisconsin,United States,53209,GROUP_DEALER,FRANCHISE_DEALER,6100 N Green Bay Ave,,"{""lat"":43.1284552,""lng"":-87.9328704}"
bd2096e879,fcc547850,Hyundai of Fond du Lac,Van Horn Automotive Group,,ankur.batra@spyne.ai,Studio Live,Fond du Lac,,Wisconsin,United States,54937,GROUP_DEALER,FRANCHISE_DEALER,N6652 Esterbrook Rd,,"{""lat"":43.7755988,""lng"":-88.5025569}"
905081e29f,fcc547850,Hyundai of Sheboygan,Van Horn Automotive Group,,ankur.batra@spyne.ai,Studio Live,Sheboygan,,Wisconsin,United States,53081,GROUP_DEALER,FRANCHISE_DEALER,5525 Racetrack Road,,"{""lat"":43.6997915,""lng"":-87.7592001}"
0bdbc1df84,fcc547850,KIA of Sheboygan,Van Horn Automotive Group,,ankur.batra@spyne.ai,Studio Live,Sheboygan,,Wisconsin,United States,53081,GROUP_DEALER,FRANCHISE_DEALER,3524 Wilgus Avenue,,"{""lat"":43.7588438,""lng"":-87.753374}"
0c4fc11a06,fcc547850,Latino of Milwaukee,Van Horn Automotive Group,,ankur.batra@spyne.ai,Studio Live,Milwaukee,,Wisconsin,United States,53221,GROUP_DEALER,FRANCHISE_DEALER,3030 W Loomis Rd,,"{""lat"":42.9776996,""lng"":-87.9531672}"
88253d5114,fcc547850,Nissan of Stevens Point,Van Horn Automotive Group,,ankur.batra@spyne.ai,Studio Live,Stevens Point,,Wisconsin,United States,54481,GROUP_DEALER,FRANCHISE_DEALER,301 Green Ave N,,"{""lat"":44.5383891,""lng"":-89.5447916}"
79cbf9904c,fcc547850,Nissan/Volkswagen of Sheboygan,Van Horn Automotive Group,vhvolkswagensheboygan.com,ankur.batra@spyne.ai,Studio Live,Sheboygan,,Wisconsin,United States,53081,GROUP_DEALER,FRANCHISE_DEALER,5515 Racetrack Road,,"{""lat"":43.7019655,""lng"":-87.7582064}"
68cc45d77b,6add25efd,Vass CDJR,Vatland Auto Group,,abhijeet.mitra@spyne.ai,Studio Live,Vero Beach,Owensboro,Kentucky,United States,42301,GROUP_DEALER,FRANCHISE_DEALER,3900 Frederica St,,"{""lat"":27.638635,""lng"":-80.39463169999999}"
68cc45d77b,6add25efd,Vass CDJR,Vatland Auto Group,,aditya.kaul@spyne.ai,Vini Live,Vero Beach,Owensboro,Kentucky,United States,42301,GROUP_DEALER,FRANCHISE_DEALER,3900 Frederica St,,"{""lat"":27.638635,""lng"":-80.39463169999999}"
3699196bbe,6add25efd,Vatland CDJR,Vatland Auto Group,,abhijeet.mitra@spyne.ai,Studio Live,Vero Beach,Vero Beach,Florida,United States,32962,GROUP_DEALER,FRANCHISE_DEALER,855 S U.S. 1,,"{""lat"":27.5880842,""lng"":-80.37889969999999}"
3699196bbe,6add25efd,Vatland CDJR,Vatland Auto Group,,aditya.kaul@spyne.ai,Vini Live,Vero Beach,Vero Beach,Florida,United States,32962,GROUP_DEALER,FRANCHISE_DEALER,855 S U.S. 1,,"{""lat"":27.5880842,""lng"":-80.37889969999999}"
e05e67affb,6add25efd,Vatland Honda,Vatland Auto Group,vatlandhonda.com,abhijeet.mitra@spyne.ai,Studio Live,Vero Beach,,Florida,United States,32962,GROUP_DEALER,FRANCHISE_DEALER,"855 S US Hwy 1, Vero Beach, FL, United States, 32962","855 S US Hwy 1, Vero Beach, FL, United States, 32962","{""lat"":27.590249,""lng"":-80.3785742}"
e05e67affb,6add25efd,Vatland Honda,Vatland Auto Group,vatlandhonda.com,aditya.kaul@spyne.ai,Vini Live,Vero Beach,,Florida,United States,32962,GROUP_DEALER,FRANCHISE_DEALER,"855 S US Hwy 1, Vero Beach, FL, United States, 32962","855 S US Hwy 1, Vero Beach, FL, United States, 32962","{""lat"":27.590249,""lng"":-80.3785742}"
b71cb1b0de,1c5e40472,Velocity Auto Haus,Velocity Auto Haus,,prathamesh.prashant@spyne.ai,Studio Live,Hasbrouck Heights,Bergen County,New Jersey,United States,7604,INDIVIDUAL_DEALER,INDEPENDENT_DEALER,"380, Terrace Avenue",Bergen County,"{""lat"":40.8645098,""lng"":-74.0688725}"
b5eb673ca1,d40ac93db,velocity automotive,Velocity Automotive Inc,velocityauto.ca,garvit.sharma@spyne.ai,Studio Live,Scarborough,,ON,Canada,M1C 1L5,INDIVIDUAL_DEALER,INDEPENDENT_DEALER,"6525, kingston road ON",,"{""lat"":43.7935936,""lng"":-79.1590602}"
71ef0c47f0,a87e85346,All Set Motors,Vendor Finance Ireland Limited trading as All Set,,anuj.tewatia@spyne.ai,Studio Live,Sligo,County Sligo,Connacht,Ireland,F91 N243,INDIVIDUAL_DEALER,INDEPENDENT_DEALER,"Unit 2 St Vincents Business Centre , Sligo, Finisklin Road, Sligo, F91 N243",,"{""lat"":54.2771968,""lng"":-8.4930335}"
02fdf492f,ef09d889d,Victory Honda Highland,Victory Automotive Group,victoryhondahighland.com,ankur.batra@spyne.ai,Studio Live,Highland,,Indiana,United States,46322,INDIVIDUAL_DEALER,FRANCHISE_DEALER,9800 Indianapolis Blvd,,"{""lat"":41.5359287,""lng"":-87.4714212}"
02fdf492f,ef09d889d,Victory Honda Highland,Victory Automotive Group,victoryhondahighland.com,aditya.kaul@spyne.ai,Vini Live,Highland,,Indiana,United States,46322,INDIVIDUAL_DEALER,FRANCHISE_DEALER,9800 Indianapolis Blvd,,"{""lat"":41.5359287,""lng"":-87.4714212}"
707c64aa7f,ef09d889d,Victory Toyota of Brook Park,Victory Automotive Group,,aditya.kaul@spyne.ai,Vini Live,Brook Park,Cuyahoga County,Ohio,United States,44142,GROUP_DEALER,FRANCHISE_DEALER,"13775, Brookpark Road",Cuyahoga County,"{""lat"":41.41749300000001,""lng"":-81.78710199999999}"
bf718528af,ef09d889d,Victory Toyota of Midtown,Victory Automotive Group,victorytoyotamidtown.com,ankur.batra@spyne.ai,Studio Live,Chicago,,Illinois,United States,60641,INDIVIDUAL_DEALER,FRANCHISE_DEALER,3255 North Cicero,,"{""lat"":41.9403638,""lng"":-87.7464156}"
bf718528af,ef09d889d,Victory Toyota of Midtown,Victory Automotive Group,victorytoyotamidtown.com,aditya.kaul@spyne.ai,Vini Live,Chicago,,Illinois,United States,60641,INDIVIDUAL_DEALER,FRANCHISE_DEALER,3255 North Cicero,,"{""lat"":41.9403638,""lng"":-87.7464156}"
757f4f88fd,85b35506d,Vindevers Autohaus of Sylvania_2,Vindevers Autohaus of Sylvania,vindevers.com,vishal.singh1@spyne.ai,Studio Live,Sylvania,,Ohio,United States,43560,GROUP_DEALER,FRANCHISE_DEALER,"5570 Monroe St, Driveway 1",,"{""lat"":41.707517,""lng"":-83.668791}"
e73efdc1-0,85b35506d,Vindevers Autohaus of Sylvania_5,Vindevers Autohaus of Sylvania,vindevers.com,vishal.singh1@spyne.ai,Studio Live,Sylvania,,Ohio,United States,43560,GROUP_DEALER,FRANCHISE_DEALER,"5570 Monroe St, Driveway 1",,"{""lat"":41.707517,""lng"":-83.668791}"
c6a42df3e8,816b4b9f9,Volvo Cars Fort Washington,Volvo Cars Fort Washington,volvocarsfortwashington.com,vishal.singh1@spyne.ai,Studio Live,Fort Washington,,Pennsylvania,United States,19034,INDIVIDUAL_DEALER,FRANCHISE_DEALER,115 N Bethlehem Pike,,"{""lat"":40.1387456,""lng"":-75.2119728}"
ba57d69c24,948e29a13,Volvo Cars Palm Springs,Volvo Cars Palm Springs,volvocarspalmsprings.com,sanyam.tyagi@spyne.ai,Studio Live,Cathedral City,,California,United States,92234,INDIVIDUAL_DEALER,FRANCHISE_DEALER,67615 E Palm Canyon Dr,,"{""lat"":33.7871891,""lng"":-116.4804418}"
865d968b1,791cbccd7,Volvo of Bridgewater,Volvo of Princeton Inc,volvocarsprinceton.com,jaspreet.kaur@spyne.ai,Studio Live,Somerville,,New Jersey,United States,8876,INDIVIDUAL_DEALER,FRANCHISE_DEALER,"1028 US Highway 22, Somerville",,"{""lat"":40.5796272,""lng"":-74.603042}"
9c1b98337,791cbccd7,Volvo of Princeton,Volvo of Princeton Inc,volvocarsprinceton.com,jaspreet.kaur@spyne.ai,Studio Live,Lawrenceville,,New Jersey,United States,8648,INDIVIDUAL_DEALER,FRANCHISE_DEALER,"2931 Brunswick Pike, Lawrenceville",,"{""lat"":40.2741096,""lng"":-74.7084513}"
6202bd95-b,daa086783,Voss Village Cadillac,Voss Village Cadillac,vosscadillac.com,abhijeet.mitra@spyne.ai,Studio Live,Dayton,,Ohio,United States,45459,INDIVIDUAL_DEALER,FRANCHISE_DEALER,650 Miamisburg-Centerville Road,,"{""lat"":39.627746,""lng"":-84.175339}"
5d6c809304,99f1c5c5d,Waco Hyundai,Waco Hyundai,wacohyundai.com,ritika.agarwal@spyne.ai,Studio Churned,Waco,McLennan County,Texas,United States,76712,INDIVIDUAL_DEALER,FRANCHISE_DEALER,"1501, West Loop 340","Kendrick, McLennan County","{""lat"":31.4999316,""lng"":-97.1714929}"
a28c551eb,9e2cd9630,Wallingford Auto Park_2,"Wallingford Auto Park, Inc.",wallingfordautopark.com,prathamesh.prashant@spyne.ai,Studio Live,Wallingford,,Connecticut,United States,6492,INDIVIDUAL_DEALER,INDEPENDENT_DEALER,485 N Colony Rd,,"{""lat"":41.4665695,""lng"":-72.8203892}"
8e3d2f289,271f77862,Watermark Auto Group_Marion-Il,Watermark Auto Group,watermark.auto,jaspreet.kaur@spyne.ai,Studio Churned,Marion,,Illinois,United States,62959,GROUP_DEALER,FRANCHISE_DEALER,2611 Blue Heron DriveSuite 200,,"{""lat"":37.7306054,""lng"":-88.9331256}"
8e3d2f289,271f77862,Watermark Auto Group_Marion-Il,Watermark Auto Group,watermark.auto,jaspreet.kaur@spyne.ai,Vini Churned,Marion,,Illinois,United States,62959,GROUP_DEALER,FRANCHISE_DEALER,2611 Blue Heron DriveSuite 200,,"{""lat"":37.7306054,""lng"":-88.9331256}"
eeac65f951,f6fa3b3ac,West Mitsubishi,West Mitsubishi,westmitsubishi.com,sanyam.tyagi@spyne.ai,Studio Live,Orland,,California,United States,95963,INDIVIDUAL_DEALER,FRANCHISE_DEALER,624 6th Street,,"{""lat"":39.7479143,""lng"":-122.1978453}"
3a408c012a,91d5f6118,Wharton Ford,Wharton Ford,whartonford.com,sanyam.tyagi@spyne.ai,Studio Live,Wharton,Wharton County,Texas,United States,77488,INDIVIDUAL_DEALER,FRANCHISE_DEALER,"316, North Richmond Road",Wharton County,"{""lat"":29.3136192,""lng"":-96.1019037}"
3a408c012a,91d5f6118,Wharton Ford,Wharton Ford,whartonford.com,puneet.sharma@spyne.ai,Vini Live,Wharton,Wharton County,Texas,United States,77488,INDIVIDUAL_DEALER,FRANCHISE_DEALER,"316, North Richmond Road",Wharton County,"{""lat"":29.3136192,""lng"":-96.1019037}"
74ec4a45-d,37cff87a5,White Bear Lincoln_1,White Bear Lincoln,whitebearlincoln.com,sanyam.tyagi@spyne.ai,Studio Live,North Saint Paul,,Minnesota,United States,55110,INDIVIDUAL_DEALER,FRANCHISE_DEALER,3425 Highway 61,,"{""lat"":45.0464055,""lng"":-93.0386741}"
5ac62ce5a3,f7dab289a,Whitewater Motors,Whitewater Motors,whitewatermotors.com,prathamesh.prashant@spyne.ai,Studio Live,Greensburg,,Indiana,United States,47240,INDIVIDUAL_DEALER,INDEPENDENT_DEALER,"WHITEWATER MOTOR COMPANY, INC (Greensburg)",,"{""lat"":39.3372722,""lng"":-85.483581}"
5ca33e0330,41d8ea42e,Whitewater Motors_Greensburg,Whitewater Motors Incorporated,whitewatergreensburg.com,avinash.jha@spyne.ai,Studio Live,Greensburg,,Indiana,United States,47240,GROUP_DEALER,INDEPENDENT_DEALER,1615 N Lincoln St,,"{""lat"":39.3528012,""lng"":-85.4828264}"
45209de5b,41d8ea42e,Whitewater Motors_Harrison,Whitewater Motors Incorporated,whitewatermotorcompany.com,avinash.jha@spyne.ai,Studio Live,West Harrison,,Indiana,United States,47060,GROUP_DEALER,INDEPENDENT_DEALER,158 Harrison Brookville Rd,,"{""lat"":39.2763723,""lng"":-84.8414358}"
cd148a950,41d8ea42e,Whitewater Motors_Milan,Whitewater Motors Incorporated,whitewatermotors.com,avinash.jha@spyne.ai,Studio Live,Milan,,Indiana,United States,47031,GROUP_DEALER,INDEPENDENT_DEALER,200 W Indian Trail,,"{""lat"":39.134348,""lng"":-85.1291802}"
80ce3adcf,41a7a8ecd,Willowbrook Ford Kia,Willowbrook Ford & Kia,willowbrookkia.com,abhijeet.mitra@spyne.ai,Studio Live,Willowbrook,,Illinois,United States,60527,GROUP_DEALER,FRANCHISE_DEALER,7335 S. Kingery Hwy,,"{""lat"":41.7697533,""lng"":-87.9358931}"
d042961d8f,9aaa4f1f4,Wiz autos,Wiz Leasing Inc,wizleasinginc.com,ishika.arora@spyne.ai,Studio Live,Stratford,,Connecticut,United States,6615,GROUP_DEALER,INDEPENDENT_DEALER,250 Ferry BLVD,,"{""lat"":41.1927492,""lng"":-73.1226486}"
405beccbe9,6548557c2,WolfChase Honda,Wolfchase Honda & Nissan,,zeeshana.aijaz@spyne.ai,Vini Live,Bartlett,,Tennessee,United States,38133,GROUP_DEALER,FRANCHISE_DEALER,2982 N Germantown Road,,"{""lat"":35.2069369,""lng"":-89.7917491}"
68aa731c86,0b430981d,Wood Chrysler Dodge Jeep Ram of Carthage,Wood Motor Company,woodcdjrcarthage.com,jaspreet.kaur@spyne.ai,Studio Live,Carthage,,Missouri,United States,64836,GROUP_DEALER,FRANCHISE_DEALER,2816 S Grand Ave,,"{""lat"":37.1397008,""lng"":-94.3107758}"
6fb309e3-5,d5c8d1199,Wood Motor Company Texas,Wood Motor Company,woodmotor.com,jaspreet.kaur@spyne.ai,Studio Live,Hurst,,Texas,United States,76053,GROUP_DEALER,FRANCHISE_DEALER,"555, NE Loop 820",,"{""lat"":32.8163392,""lng"":-97.2091602}"
901a887dc2,0b430981d,Wood Nissan Lee's Summit,Wood Motor Company,woodnissan.com,jaspreet.kaur@spyne.ai,Studio Live,Lees Summit,,Missouri,United States,64081,GROUP_DEALER,FRANCHISE_DEALER,1025 SE Oldham Pkwy,,"{""lat"":38.902087,""lng"":-94.3525402}"
2006f73298,0b430981d,Wood Nissan of Tiffany Springs,Wood Motor Company,woodnissants.com,jaspreet.kaur@spyne.ai,Studio Live,Kansas City,,Missouri,United States,64153,GROUP_DEALER,FRANCHISE_DEALER,"9600 NW Prairie View Rd, Kansas City",,"{""lat"":39.2684313,""lng"":-94.666357}"
a40bfd04-b,4f772edd8,Genesis of East San Antonio,World Car Auto Group,,tushar.srivastava@spyne.ai,Vini Live,San Antonio,Bexar County,Texas,United States,78233,INDIVIDUAL_DEALER,FRANCHISE_DEALER,"12908, Interstate 35","Northeast Side, Bexar County","{""lat"":29.5566914,""lng"":-98.3447938}"
2dba7d52-1,4f772edd8,N North Kia Mazda,World Car Auto Group,,tushar.srivastava@spyne.ai,Vini Live,-,,-,USA,-,INDIVIDUAL_DEALER,FRANCHISE_DEALER,"7915 Interstate 35 Access Rd Trailer 2, San Antonio, TX 78224","7915 Interstate 35 Access Rd Trailer 2, San Antonio, TX 78224","{""lat"":29.550212,""lng"":-98.3626989}"
a4155cc7-b,4f772edd8,U North Kia Mazda,World Car Auto Group,,tushar.srivastava@spyne.ai,Vini Live,-,,-,USA,-,INDIVIDUAL_DEALER,FRANCHISE_DEALER,"7915 Interstate 35 Access Rd Trailer 2, San Antonio, TX 78224","7915 Interstate 35 Access Rd Trailer 2, San Antonio, TX 78224","{""lat"":29.5502073,""lng"":-98.3626846}"
cefa13f833,4f772edd8,World Car Hyundai South,World Car Auto Group,worldcarhyundaisouth.com,ankur.batra@spyne.ai,Studio Live,San Antonio,Bexar County,Texas,United States,78224,INDIVIDUAL_DEALER,FRANCHISE_DEALER,"7915, Interstate 35 Access Road","South San Antonio, Bexar County","{""lat"":29.3498428,""lng"":-98.5388008}"
cefa13f833,4f772edd8,World Car Hyundai South,World Car Auto Group,worldcarhyundaisouth.com,tushar.srivastava@spyne.ai,Vini Live,San Antonio,Bexar County,Texas,United States,78224,INDIVIDUAL_DEALER,FRANCHISE_DEALER,"7915, Interstate 35 Access Road","South San Antonio, Bexar County","{""lat"":29.3498428,""lng"":-98.5388008}"
d2999d21-c,4f772edd8,World Car Kia San Antonio,World Car Auto Group,worldcarkia.com,tushar.srivastava@spyne.ai,Vini Live,San Antonio,,Texas,United States,78201,INDIVIDUAL_DEALER,FRANCHISE_DEALER,8034 I-35,,"{""lat"":29.432994,""lng"":-98.499307}"
48d0fea7-2,4f772edd8,World Car Kia South,World Car Auto Group,worldcarhyundaisouth.com,tushar.srivastava@spyne.ai,Vini Live,San Antonio,,Texas,United States,78224,INDIVIDUAL_DEALER,FRANCHISE_DEALER,8034 I-35,,"{""lat"":29.3534757,""lng"":-98.528756}"
d4c824c0-9,4f772edd8,World Car Mazda San Antonio,World Car Auto Group,worldcarmazda.com,tushar.srivastava@spyne.ai,Vini Live,San Antonio,,Texas,United States,78201,INDIVIDUAL_DEALER,FRANCHISE_DEALER,4220 Fredericksburg Rd Bldg. 2,,"{""lat"":29.4246002,""lng"":-98.4951405}"
293049f2-e,4f772edd8,World Car Nissan,World Car Auto Group,worldcarnissan.net,tushar.srivastava@spyne.ai,Vini Live,San Antonio,Bexar County,Texas,United States,78233,INDIVIDUAL_DEALER,FRANCHISE_DEALER,"12908, Interstate 35","Unit Bldg 1, Northeast Side, Bexar County","{""lat"":29.5571945,""lng"":-98.3443187}"
184fb3ac0,a08cdd6df,paragonacura,Worldwide Motors LTD dba Paragon Acura,paragonacura.com,ankur.batra@spyne.ai,Studio Live,Woodside,,New York,United States,11377,INDIVIDUAL_DEALER,FRANCHISE_DEALER,56-02 Northern Blvd,,"{""lat"":40.7531417,""lng"":-73.9046989}"
184fb3ac0,a08cdd6df,paragonacura,Worldwide Motors LTD dba Paragon Acura,paragonacura.com,deepanshu.agarwal@spyne.ai,Vini Live,Woodside,,New York,United States,11377,INDIVIDUAL_DEALER,FRANCHISE_DEALER,56-02 Northern Blvd,,"{""lat"":40.7531417,""lng"":-73.9046989}"
b8cf631e78,4a9cfa5ec,XYZ Motors,XYZ Motors,xyzmotors.net,vishal.singh1@spyne.ai,Studio Live,Grand Rapids,,Michigan,United States,49512,INDIVIDUAL_DEALER,INDEPENDENT_DEALER,4855 52nd St SE,,"{""lat"":42.8695618,""lng"":-85.5451253}"
18fe43b978,1713df08e,Yemm Chrysler Dodge Jeep Ram,Yemm Auto,yemmauto.com,ankur.batra@spyne.ai,Studio Live,Galesburg,,Illinois,United States,61401,INDIVIDUAL_DEALER,FRANCHISE_DEALER,2195 North Henderson Street,,"{""lat"":40.9744345,""lng"":-90.3819628}"
650cc491f5,0eee6a3c0,Drivewise Greeley,Yoder Family of Companies,mydrivewise.com,ishika.arora@spyne.ai,Studio Live,Greeley,,Colorado,United States,80634,INDIVIDUAL_DEALER,INDEPENDENT_DEALER,2805 8th Ave,,"{""lat"":40.3917302,""lng"":-104.6926904}"
27b82e3d5,0eee6a3c0,Weld County Garage GMC,Yoder Family of Companies,weldcountygarage.com,ishika.arora@spyne.ai,Studio Live,Greeley,,Colorado,United States,80634,INDIVIDUAL_DEALER,INDEPENDENT_DEALER,2699 47th Ave,,"{""lat"":40.392379,""lng"":-104.756324}"
470cdbb1f,0eee6a3c0,Yoder Chevrolet,Yoder Family of Companies,yoderchevrolet.com,ishika.arora@spyne.ai,Studio Live,Fort Lupton,,Colorado,United States,80621,INDIVIDUAL_DEALER,INDEPENDENT_DEALER,601 N Denver Ave,,"{""lat"":40.0853823,""lng"":-104.8106419}"
25d81b9d8,4fa5e6702,"Yokem Toyota, Louisiana",Yokem Motors LLC DBA Yokem Toyota,yokemtoyota.com,sanyam.tyagi@spyne.ai,Studio Live,Shreveport,,Louisiana,United States,71105,INDIVIDUAL_DEALER,FRANCHISE_DEALER,1199 East Bert Kouns Industrial Loop,,"{""lat"":32.419789,""lng"":-93.721356}"
566c36fd-4,83b02cc1c,Yonkers Auto Gallery,Yonkers Auto Gallery,,aditya.kaul@spyne.ai,Studio Churned,-,,-,USA,-,INDIVIDUAL_DEALER,INDEPENDENT_DEALER,"1980 Central Park Ave, Yonkers, NY, United States, 10710","1980 Central Park Ave, Yonkers, NY, United States, 10710","{""lat"":40.9658226,""lng"":-73.837909}"
566c36fd-4,83b02cc1c,Yonkers Auto Gallery,Yonkers Auto Gallery,,jagrit@spyne.ai,Vini Churned,-,,-,USA,-,INDIVIDUAL_DEALER,INDEPENDENT_DEALER,"1980 Central Park Ave, Yonkers, NY, United States, 10710","1980 Central Park Ave, Yonkers, NY, United States, 10710","{""lat"":40.9658226,""lng"":-73.837909}"
e7867cdbda,5292dd88c,Your Choice Auto LLC,Your Choice Auto LLC,yourchoiceautos.com,ishika.arora@spyne.ai,Studio Live,Waukegan,,Illinois,United States,60085,INDIVIDUAL_DEALER,INDEPENDENT_DEALER,2741 Belvidere Rd,,"{""lat"":42.3495934,""lng"":-87.8694426}"
8e7f8255fe,e2394e4d7,Maus Acura of North Tampa,ZT Automotive,mausacura.com,jaspreet.kaur@spyne.ai,Studio Live,Tampa,Hillsborough County,Florida,United States,33612,INDIVIDUAL_DEALER,FRANCHISE_DEALER,"11025, North Florida Avenue",Hillsborough County,"{""lat"":28.050279,""lng"":-82.45874529999999}"
8e7f8255fe,e2394e4d7,Maus Acura of North Tampa,ZT Automotive,mausacura.com,prabha.kumari@spyne.ai,Vini Live,Tampa,Hillsborough County,Florida,United States,33612,INDIVIDUAL_DEALER,FRANCHISE_DEALER,"11025, North Florida Avenue",Hillsborough County,"{""lat"":28.050279,""lng"":-82.45874529999999}"
6919c32294,e2394e4d7,Maus Nissan of Brooksville,ZT Automotive,mausnissanofbrooksville.com,jaspreet.kaur@spyne.ai,Studio Live,Brooksville,Hernando County,Florida,United States,34601,INDIVIDUAL_DEALER,FRANCHISE_DEALER,"15220, Wiscon Road",Hernando County,"{""lat"":28.5328079,""lng"":-82.4761735}"
6919c32294,e2394e4d7,Maus Nissan of Brooksville,ZT Automotive,mausnissanofbrooksville.com,prabha.kumari@spyne.ai,Vini Live,Brooksville,Hernando County,Florida,United States,34601,INDIVIDUAL_DEALER,FRANCHISE_DEALER,"15220, Wiscon Road",Hernando County,"{""lat"":28.5328079,""lng"":-82.4761735}"
b2d78f1d5d,e2394e4d7,Maus Nissan of New Port Richey,ZT Automotive,mausnissan.com,jaspreet.kaur@spyne.ai,Studio Live,New Port Richey,Pasco County,Florida,United States,34652,INDIVIDUAL_DEALER,FRANCHISE_DEALER,"3939, U.S. 19",Pasco County,"{""lat"":28.2165985,""lng"":-82.7387226}"
b2d78f1d5d,e2394e4d7,Maus Nissan of New Port Richey,ZT Automotive,mausnissan.com,prabha.kumari@spyne.ai,Vini Live,New Port Richey,Pasco County,Florida,United States,34652,INDIVIDUAL_DEALER,FRANCHISE_DEALER,"3939, U.S. 19",Pasco County,"{""lat"":28.2165985,""lng"":-82.7387226}"
e4bc9f91c4,e2394e4d7,Maus Nissan of North Tampa,ZT Automotive,mausnissantampaspecials.com,jaspreet.kaur@spyne.ai,Studio Live,Tampa,Hillsborough County,Florida,United States,33612,INDIVIDUAL_DEALER,FRANCHISE_DEALER,"11011, North Florida Avenue",Hillsborough County,"{""lat"":28.0498638,""lng"":-82.4585266}"
e4bc9f91c4,e2394e4d7,Maus Nissan of North Tampa,ZT Automotive,mausnissantampaspecials.com,prabha.kumari@spyne.ai,Vini Live,Tampa,Hillsborough County,Florida,United States,33612,INDIVIDUAL_DEALER,FRANCHISE_DEALER,"11011, North Florida Avenue",Hillsborough County,"{""lat"":28.0498638,""lng"":-82.4585266}"
d785d9bd4c,e2394e4d7,Ron Carter Chevrolet GMC,ZT Automotive,,jaspreet.kaur@spyne.ai,Studio Live,Alvin,Brazoria County,Texas,United States,77511,INDIVIDUAL_DEALER,FRANCHISE_DEALER,"3205, FM 528 Road",Brazoria County,"{""lat"":29.4507027,""lng"":-95.2391472}"
d785d9bd4c,e2394e4d7,Ron Carter Chevrolet GMC,ZT Automotive,,prabha.kumari@spyne.ai,Vini Live,Alvin,Brazoria County,Texas,United States,77511,INDIVIDUAL_DEALER,FRANCHISE_DEALER,"3205, FM 528 Road",Brazoria County,"{""lat"":29.4507027,""lng"":-95.2391472}"
3a9370b034,e2394e4d7,Ron Carter Chrysler Dodge Jeep Ram (Alvin)/,ZT Automotive,,jaspreet.kaur@spyne.ai,Studio Live,Houston,Harris County,Texas,United States,77027,INDIVIDUAL_DEALER,FRANCHISE_DEALER,"1535, West Loop South","Unit suite 450, Afton Oaks / River Oaks Area, Harris County","{""lat"":29.7518936,""lng"":-95.4546581}"
3a9370b034,e2394e4d7,Ron Carter Chrysler Dodge Jeep Ram (Alvin)/,ZT Automotive,,prabha.kumari@spyne.ai,Vini Live,Houston,Harris County,Texas,United States,77027,INDIVIDUAL_DEALER,FRANCHISE_DEALER,"1535, West Loop South","Unit suite 450, Afton Oaks / River Oaks Area, Harris County","{""lat"":29.7518936,""lng"":-95.4546581}"
a18f416d0b,e2394e4d7,Ron Carter Ford,ZT Automotive,,jaspreet.kaur@spyne.ai,Studio Live,Houston,Harris County,Texas,United States,77027,INDIVIDUAL_DEALER,FRANCHISE_DEALER,"1535, West Loop South","Unit suite 450, Afton Oaks / River Oaks Area, Harris County","{""lat"":29.7518936,""lng"":-95.4546581}"
a18f416d0b,e2394e4d7,Ron Carter Ford,ZT Automotive,,prabha.kumari@spyne.ai,Vini Live,Houston,Harris County,Texas,United States,77027,INDIVIDUAL_DEALER,FRANCHISE_DEALER,"1535, West Loop South","Unit suite 450, Afton Oaks / River Oaks Area, Harris County","{""lat"":29.7518936,""lng"":-95.4546581}"
43f7a5166e,e2394e4d7,Singing River Chrysler Dodge Jeep Ram FIAT,ZT Automotive,,jaspreet.kaur@spyne.ai,Studio Live,Houston,Harris County,Texas,United States,77027,INDIVIDUAL_DEALER,FRANCHISE_DEALER,"1535, West Loop South","Unit suite 450, Afton Oaks / River Oaks Area, Harris County","{""lat"":29.7518936,""lng"":-95.4546581}"
43f7a5166e,e2394e4d7,Singing River Chrysler Dodge Jeep Ram FIAT,ZT Automotive,,prabha.kumari@spyne.ai,Vini Live,Houston,Harris County,Texas,United States,77027,INDIVIDUAL_DEALER,FRANCHISE_DEALER,"1535, West Loop South","Unit suite 450, Afton Oaks / River Oaks Area, Harris County","{""lat"":29.7518936,""lng"":-95.4546581}"
719e75f388,e2394e4d7,Singing River Honda,ZT Automotive,singingriverhonda.com,jaspreet.kaur@spyne.ai,Studio Live,Houston,Harris County,Texas,United States,77027,INDIVIDUAL_DEALER,FRANCHISE_DEALER,"1535, West Loop South","Unit suite 450, Afton Oaks / River Oaks Area, Harris County","{""lat"":29.7518936,""lng"":-95.4546581}"
719e75f388,e2394e4d7,Singing River Honda,ZT Automotive,singingriverhonda.com,prabha.kumari@spyne.ai,Vini Live,Houston,Harris County,Texas,United States,77027,INDIVIDUAL_DEALER,FRANCHISE_DEALER,"1535, West Loop South","Unit suite 450, Afton Oaks / River Oaks Area, Harris County","{""lat"":29.7518936,""lng"":-95.4546581}"
090e220716,e2394e4d7,Singing River Nissan,ZT Automotive,singingrivernissan.com,jaspreet.kaur@spyne.ai,Studio Live,Houston,Harris County,Texas,United States,77027,INDIVIDUAL_DEALER,FRANCHISE_DEALER,"1535, West Loop South","Unit suite 450, Afton Oaks / River Oaks Area, Harris County","{""lat"":29.7518936,""lng"":-95.4546581}"
090e220716,e2394e4d7,Singing River Nissan,ZT Automotive,singingrivernissan.com,prabha.kumari@spyne.ai,Vini Live,Houston,Harris County,Texas,United States,77027,INDIVIDUAL_DEALER,FRANCHISE_DEALER,"1535, West Loop South","Unit suite 450, Afton Oaks / River Oaks Area, Harris County","{""lat"":29.7518936,""lng"":-95.4546581}"
15da4ba8f1,e2394e4d7,Singing River Toyota,ZT Automotive,singingrivertoyota.com,jaspreet.kaur@spyne.ai,Studio Live,Houston,Harris County,Texas,United States,77027,INDIVIDUAL_DEALER,FRANCHISE_DEALER,"1535, West Loop South","Unit suite 450, Afton Oaks / River Oaks Area, Harris County","{""lat"":29.7518936,""lng"":-95.4546581}"
15da4ba8f1,e2394e4d7,Singing River Toyota,ZT Automotive,singingrivertoyota.com,prabha.kumari@spyne.ai,Vini Live,Houston,Harris County,Texas,United States,77027,INDIVIDUAL_DEALER,FRANCHISE_DEALER,"1535, West Loop South","Unit suite 450, Afton Oaks / River Oaks Area, Harris County","{""lat"":29.7518936,""lng"":-95.4546581}"
47543eb39b,e2394e4d7,Steve Rayman Chevrolet,ZT Automotive,steverayman.com,jaspreet.kaur@spyne.ai,Studio Live,Houston,,Texas,United States,77027,INDIVIDUAL_DEALER,FRANCHISE_DEALER,"1535 West Loop South ,2ND FLOOR, Houston, Texas, United States, 77027",,"{""lat"":29.7519035,""lng"":-95.4546938}"
47543eb39b,e2394e4d7,Steve Rayman Chevrolet,ZT Automotive,steverayman.com,prabha.kumari@spyne.ai,Vini Live,Houston,,Texas,United States,77027,INDIVIDUAL_DEALER,FRANCHISE_DEALER,"1535 West Loop South ,2ND FLOOR, Houston, Texas, United States, 77027",,"{""lat"":29.7519035,""lng"":-95.4546938}"
d91268f898,81c6dc43a,zaraauto,Zara Auto Sales Inc,zaraauto.net,sanyam.tyagi@spyne.ai,Studio Live,Denver,,Colorado,United States,80231,INDIVIDUAL_DEALER,INDEPENDENT_DEALER,8301 E Iliff Ave,,"{""lat"":39.6751646,""lng"":-104.890646}"
f618492d10,c946af83e,Zeigler Hyundai of Racine,Zeigler Hyundai of Racine,zeiglerhyundairacine.com,ishika.arora@spyne.ai,Studio Live,Mount Pleasant,,WI,USA,53177-1529,INDIVIDUAL_DEALER,FRANCHISE_DEALER,13313 Washington Ave,13313 Washington Ave,"{""lat"":42.72289079999999,""lng"":-87.94843190000002}"
f618492d10,c946af83e,Zeigler Hyundai of Racine,Zeigler Hyundai of Racine,zeiglerhyundairacine.com,prabha.kumari@spyne.ai,Vini Live,Mount Pleasant,,WI,USA,53177-1529,INDIVIDUAL_DEALER,FRANCHISE_DEALER,13313 Washington Ave,13313 Washington Ave,"{""lat"":42.72289079999999,""lng"":-87.94843190000002}"
3590c2b4bf,88b67d13e,Zink Motor Company,Zink Motor Company,zinkmotor.com,prathamesh.prashant@spyne.ai,Studio Live,Appleton City,,Missouri,United States,64724,INDIVIDUAL_DEALER,INDEPENDENT_DEALER,200 E 4th St,,"{""lat"":38.190397,""lng"":-94.026262}"
c1a7824be6,71d90a4ea,Team 1,carizy_1,,akash.jaiswal@spyne.ai,Studio Live,Courbevoie,Hauts-de-Seine,Île-de-France,France,92400,INDIVIDUAL_DEALER,,Tour D2,Hauts-de-Seine,"{""lat"":48.890278,""lng"":2.247778}"